published,id,title,category,status,price,price_display,year,make,model,length_ft,hours,engine,hull,color,location,description,primary_image_url,gallery_urls,contact_phone,contact_email,created_at,condition,trailer_included,propulsion,beam_ft,draft_ft,fuel_capacity,seating_capacity,features,history,maintenance_notes
Y,oib-111078,2021 MASTERCRAFT X STAR,Boat,available,119999,"$119,999",2021,Mastercraft,X-Star,23,396.4,ILMOR 6.2 GDI,,,"CORNELIUS , North Carolina, 28031","2021 MASTERCRAFT X STAR TAKING ALL OFFERS $119,999 OBO 2021 MasterCraft XStar has been well-maintained and is in great condition! Option List: Ilmor 6.2L GDI Full Coolfeel Interior Deckadence Flooring Comfort and Convenience Package BTS Windshield Heater Underwater Lighting Transom Stereo Remote Convertible Flip Seat Rear facing seats Bow Filler Cushion 2 Axle Trailer w/ Brakes, The boat that changed the industry, the XStar redefines what’s possible on the water. Meet the chiseled machine that’s 23 feet of cutting-edge technology and luxury. But don’t let the reputation fool you: The XStar isn’t just for wakeboarding and pros. Our GEN2 Surf System delivers an incredible range of wake and surf adjustability, making the XStar the best of the best for veterans, new riders or anyone ready to take their skills to the next level",https://onlyinboards.com/getmedia/c8a87a99-611f-4f81-8e40-30bb088f6f81/2021-mastercraft-x-star-111078-image0.webp,"https://onlyinboards.com/getmedia/c8a87a99-611f-4f81-8e40-30bb088f6f81/2021-mastercraft-x-star-111078-image0.webp,https://onlyinboards.com/getmedia/e2338228-0c79-43f7-8a42-d72d99d78cf3/2021-mastercraft-x-star-111078-image1.webp,https://onlyinboards.com/getmedia/9fb1fd75-da8a-444d-98c5-c085bda3beeb/2021-mastercraft-x-star-111078-image2.webp,https://onlyinboards.com/getmedia/27bfed79-d123-4f24-adf2-357faa0ca0b5/2021-mastercraft-x-star-111078-image3.webp,https://onlyinboards.com/getmedia/e61a377c-cef9-4492-ae76-24f0863e8b14/2021-mastercraft-x-star-111078-image4.webp,https://onlyinboards.com/getmedia/d43eab00-06cf-481f-bfbb-82dfcf6f2f35/2021-mastercraft-x-star-111078-image5.webp,https://onlyinboards.com/getmedia/26d4bd4f-5cfc-41fc-8c83-9c0b8e1e45af/2021-mastercraft-x-star-111078-image6.webp,https://onlyinboards.com/getmedia/fcade76b-9a41-4fcc-8d45-49d1c4146c76/2021-mastercraft-x-star-111078-image7.webp,https://onlyinboards.com/getmedia/96e6415c-3955-4332-97f1-3534808ab838/2021-mastercraft-x-star-111078-image8.webp,https://onlyinboards.com/getmedia/05909fad-f1bd-43d8-b4bd-aecfdbf3b17e/2021-mastercraft-x-star-111078-image9.webp,https://onlyinboards.com/getmedia/debd2d20-3eb2-4f14-89e1-db99a17646ef/2021-mastercraft-x-star-111078-image10.webp,https://onlyinboards.com/getmedia/2e9d1822-eee5-4a62-b87f-c700a74a2ae1/2021-mastercraft-x-star-111078-image11.webp,https://onlyinboards.com/getmedia/dcdd5159-2a63-4eb5-a6c9-347ff629cb17/2021-mastercraft-x-star-111078-image12.webp,https://onlyinboards.com/getmedia/1b486207-cfe5-4183-ac93-7713dcd469d5/2021-mastercraft-x-star-111078-image13.webp,https://onlyinboards.com/getmedia/dcba1336-2be0-4f2a-b5ac-0c89d8a9a477/2021-mastercraft-x-star-111078-image14.webp,https://onlyinboards.com/getmedia/a3b7a4ea-d6b9-48a4-b56d-fb47c9170ba2/2021-mastercraft-x-star-111078-image15.webp,https://onlyinboards.com/getmedia/5e4d4595-a52e-405c-8a09-3b1b290465f3/2021-mastercraft-x-star-111078-image16.webp",704.957.0900,info@boatdudedeals.com,2026-02-24T02:52:37.341879+00:00,,,V-drive,,,,,,,
Y,oib-111094,Supra SE 450 2025,Boat,available,,Call for price,2025,Supra,SE,24,0,INDMAR 6.2 RAPTOR 450,,,"CORNELIUS , North Carolina, 28031",,https://onlyinboards.com/getmedia/e65d619f-f1aa-47dd-953f-1247c83edce6/2025-supra-se-111094-image0.webp,"https://onlyinboards.com/getmedia/e65d619f-f1aa-47dd-953f-1247c83edce6/2025-supra-se-111094-image0.webp,https://onlyinboards.com/getmedia/16a8a735-a800-492e-adaa-d695b098babc/2025-supra-se-111094-image1.webp,https://onlyinboards.com/getmedia/8b551f0c-403e-4df3-9003-860948e1ef38/2025-supra-se-111094-image2.webp,https://onlyinboards.com/getmedia/a017acb3-627d-4db4-b56f-9c4b8e1e5025/2025-supra-se-111094-image3.webp,https://onlyinboards.com/getmedia/085ecaa1-4544-4f20-80b7-9aa2668d486f/2025-supra-se-111094-image4.webp,https://onlyinboards.com/getmedia/7ad7bbd2-751a-4053-86f8-276e00de90f4/2025-supra-se-111094-image5.webp,https://onlyinboards.com/getmedia/d8974f1b-57ff-40a4-b807-008fe1982b38/2025-supra-se-111094-image6.webp,https://onlyinboards.com/getmedia/573f3a7c-1fbf-436e-9803-ab2f3c590ef9/2025-supra-se-111094-image7.webp",704.957.0900,info@boatdudedeals.com,2026-02-24T02:52:37.915310+00:00,,,V-drive,,,,,,,
Y,oib-111096,New Supra SE 450 2025 – Spearmint / Pure White,Boat,available,215999,"$215,999",2025,Supra,SE,24,0,INDMAR 6.2 RAPTOR 450,,,"CORNELIUS , North Carolina, 28031","2025 Supra SE 450 CALL FOR PRICE WE ARE HAVING A BLOW-OUT SALE ON ALL SUPRA AND MOOMBA'S IN STOCK, TAKING ALL OFFERS CALL ROBERT 704-957-0900 Experience the Ultimate Wake Machine: The 2025 Supra SE Get ready to dominate the water with the 2025 Supra SE, the pinnacle of luxury and performance in wakeboarding and wakesurfing. Engineered for thrill-seekers and watersports enthusiasts, the SE delivers world-class waves, cutting edge technology, and premium comfort - all in one stunning package Key Features of the Supra SE Ready to Ride? The 2025 Supra SE isn’t just a boat – it’s a. statement. Power, precision, and luxury. Combine to. Create the ultimate wake experience. Come see it in person and take your on-water adventures to the next level. Contact us today to schedule your test ride!",https://onlyinboards.com/getmedia/c131f74e-a57f-4fbe-a8b5-817045f1d213/2025-supra-se-111096-image0.webp,"https://onlyinboards.com/getmedia/c131f74e-a57f-4fbe-a8b5-817045f1d213/2025-supra-se-111096-image0.webp,https://onlyinboards.com/getmedia/70d52f13-98ad-47e1-8286-a095976dc440/2025-supra-se-111096-image1.webp,https://onlyinboards.com/getmedia/82714e28-fd7d-4c54-af11-717af2f916bd/2025-supra-se-111096-image2.webp,https://onlyinboards.com/getmedia/0f687416-1713-451d-ade3-eb917f1b8c33/2025-supra-se-111096-image3.webp,https://onlyinboards.com/getmedia/1a279b61-9a51-4902-a233-4ca5608c68a8/2025-supra-se-111096-image4.webp,https://onlyinboards.com/getmedia/60ed8a23-eaed-4470-aa2d-1e1398080e6d/2025-supra-se-111096-image5.webp,https://onlyinboards.com/getmedia/827f0f0e-605c-46c3-a678-421c8502d8a4/2025-supra-se-111096-image6.webp,https://onlyinboards.com/getmedia/0cc3bed9-8cbe-480b-95d8-c0088c8ee375/2025-supra-se-111096-image7.webp,https://onlyinboards.com/getmedia/2b59c547-89be-4fbb-a415-9f0c70cbc38f/2025-supra-se-111096-image8.webp,https://onlyinboards.com/getmedia/f22a4033-cc8a-4598-89aa-c1fc4d41892f/2025-supra-se-111096-image9.webp,https://onlyinboards.com/getmedia/5c5407e3-b4e7-4025-a76e-12f692aa8583/2025-supra-se-111096-image10.webp,https://onlyinboards.com/getmedia/35b87f6e-c5c1-4cb8-82b0-422bd46e0cca/2025-supra-se-111096-image11.webp,https://onlyinboards.com/getmedia/f135413d-abf3-43f1-9b45-c9ffddf36e28/2025-supra-se-111096-image12.webp,https://onlyinboards.com/getmedia/154a486b-a302-414b-893d-e2c0b4f3a048/2025-supra-se-111096-image13.webp,https://onlyinboards.com/getmedia/786fc3ba-a073-4602-9ced-6f8dda196ad2/2025-supra-se-111096-image14.webp,https://onlyinboards.com/getmedia/6a9cd97b-b64e-4ad0-9fb2-1301810b62fd/2025-supra-se-111096-image15.webp",704.957.0900,info@boatdudedeals.com,2026-02-24T02:52:38.484007+00:00,,,V-drive,,,,,,,
Y,oib-111102,2017 Heyday WT-2,Boat,available,32999,"$32,999",2017,Heyday,WT-2,22,400,MERCRUISER 5.7,,,"CORNELIUS , North Carolina, 28031","This 2017 Heyday WT-2 is all about big waves, bold design, and nonstop fun! Engineered for wakeboarding and wakesurfing, its innovative hull design throws a massive, clean wav This 2017 Heyday WT-2 is all about big waves, bold design, and nonstop fun! Engineered for wakeboarding and wakesurfing, its innovative hull design throws a massive, clean wave without extra ballast, giving you a pro-level performance straight from the factory! Under the hood, a powerful Mercruiser 6.2L V8 delivers strong, reliable performance, whether you're carving waves or cruising on the lake. With seating for up to 14 of your closest friends and family, a rear-facing lounge layout, and a premium sound system, this boat is built for good vibes and unforgettable days on the water! T Under the hood, a powerful Mercruiser 6.2L V8 delivers strong, reliable performance, whether you're carving waves or cruising on the lake. With seating for up to 14 of your closest friends and family, a rear-facing lounge layout, and a premium sound system, this boat is built for good vibes and unforgettable days on the water! This 2017 Heyday WT-2 is in great condition and is a perfect choice to get you and your family out on the water in style at an affordable price!",https://onlyinboards.com/getmedia/9da3f808-7111-40a1-865a-4cdd25a773cb/2017-heyday-wt-2-111102-image0.webp,"https://onlyinboards.com/getmedia/9da3f808-7111-40a1-865a-4cdd25a773cb/2017-heyday-wt-2-111102-image0.webp,https://onlyinboards.com/getmedia/297249be-cb89-460c-acb5-2a421d9c8fb6/2017-heyday-wt-2-111102-image1.webp,https://onlyinboards.com/getmedia/aee7283e-2cf1-48c2-8f6d-ae79a60eeaae/2017-heyday-wt-2-111102-image2.webp,https://onlyinboards.com/getmedia/d2c457fc-aa0c-40e2-aa49-e1b9988e2d62/2017-heyday-wt-2-111102-image3.webp,https://onlyinboards.com/getmedia/8c46a198-f544-4fd1-94fe-7577d0ea9036/2017-heyday-wt-2-111102-image4.webp",704.957.0900,info@boatdudedeals.com,2026-02-24T02:52:39.047253+00:00,,,V-drive,,,,,,,
Y,oib-111107,New Supra SA550 2024 DEMO,Boat,available,159999,"$159,999",2024,Supra,SA,22,140,INDMAR Raptor 575 6.2L,,,"CORNELIUS , North Carolina, 28031","2024 Supra SA550 - Rider Demo in Excellent Condition *Call for our special pricing* Includes full 5 year factory warranty! Take your watersports experience to the next level with this 2024 Supra SA550, a rider demo unit with just over 150 hours, meticulously maintained. The Supra SA550 is the epitome of innovation and performance, designed for those who demand the best in wakeboarding, wakesurfing, and waterskiing. Whether you're a seasoned pro or an enthusiastic beginner, this boat has everything you need for an exceptional day on the water. At the heart of the Supra SA550 is the powerful and reliable 6.2L Raptor V8 engine, delivering 510 horsepower and an impressive 580 lb-ft of torque. This robust powerplant offers effortless towing and high-end torque, ensuring smooth, controlled acceleration no matter how many passengers or how much gear you’re carrying. Perfect for pulling riders of all levels, the engine ensures that every pull is consistent and powerful, creating clean, crisp wakes that pros and beginners alike will appreciate. Step inside the SA550, and you’ll find an interior that matches its high-performance exterior. The spacious layout comfortably seats up to 16 passengers, with plush, premium upholstery designed for long-lasting comfort. The cockpit is equipped with Supra’s Vision Control System, a touchscreen interface that gives you command of every feature with ease—from audio and lighting to ballast and surf settings. This rider demo has been expertly cared for and remains in excellent condition, offering an incredible opportunity to own a lightly-used, fully-loaded 2024 Supra SA550 at a significant savings. With just over 150 hours on the engine, this boat still has plenty of life and is ready to deliver thrilling, high-performance adventures for years to come. Don’t miss out on this opportunity to get behind the wheel of one of the most advanced wake boats on the market. Contact us today to schedule a viewing and make the 2024 Supra SA550 yours! financing and delivery available!! Lake Norman, Lake Wylie, Badin, High Rock, Keowee, Hartwell, James, Mtn Island, discount, Indmar, Tillery, Surf, Watersports, wakeboard, georgia, tennessee, south carolina SEE MORE BOAT https://onlyinboards.com/dealeruserprofile/the-boat-dude-80113",https://onlyinboards.com/getmedia/73276562-fe2f-4f23-82d9-2875fc7f4c9b/2024-supra-sa-111107-image0.webp,"https://onlyinboards.com/getmedia/73276562-fe2f-4f23-82d9-2875fc7f4c9b/2024-supra-sa-111107-image0.webp,https://onlyinboards.com/getmedia/9dfc63cc-c27c-4e50-b4dc-e9d10bbc1100/2024-supra-sa-111107-image1.webp,https://onlyinboards.com/getmedia/2cec9b7b-3458-4afc-9fe1-8ae0876d5a27/2024-supra-sa-111107-image2.webp,https://onlyinboards.com/getmedia/89fb9a97-ff55-4474-8509-c2a327bd7145/2024-supra-sa-111107-image3.webp,https://onlyinboards.com/getmedia/1340fd42-57a2-4e33-99e2-794b9a2066b3/2024-supra-sa-111107-image4.webp,https://onlyinboards.com/getmedia/270ab181-fb21-4bf7-961c-66c014118657/2024-supra-sa-111107-image5.webp,https://onlyinboards.com/getmedia/e70daf99-b7a6-4eb0-901a-f52531ab44af/2024-supra-sa-111107-image6.webp,https://onlyinboards.com/getmedia/0ee80773-c649-47c4-8c56-60c5dea7039a/2024-supra-sa-111107-image7.webp,https://onlyinboards.com/getmedia/3aef3bd5-fc50-4382-a1d7-7f7a4b2c1644/2024-supra-sa-111107-image8.webp,https://onlyinboards.com/getmedia/7e8c2a7c-b144-4f0e-9390-db19f6949c81/2024-supra-sa-111107-image9.webp",704.957.0900,info@boatdudedeals.com,2026-02-24T02:52:39.621254+00:00,,,V-drive,,,,,,,
Y,oib-111109,New Moomba Max 2025 – Pacific Blue,Boat,available,98999,"$98,999",2025,Moomba,MAX,22,0,INDMAR 6.2 RAPTOR 400,,,"CORNELIUS , North Carolina, 28031","2024 Moomba Max: Where Performance & Value Meet Discover the Thrill of the 2025 Moomba Max Embark on an unparalleled water adventure with the 2025 Moomba Max. Combining state-of-the-art design with exceptional performance, the Moomba Max is perfect for both wakeboarding enthusiasts, wakesurfing fans, and families seeking fun on the water. Key Features of the Moomba Max Innovative Wake Technology: The Moomba Max's advanced hull design and AutoWake® system ensure the perfect wake every time. Exceptional Power & Performance: Powered by the impressive Raptor 400 6.2L Engine by Indmar, this boat offers exceptional power and reliability to ensure you have less downtime and more time to make memories on the water. Spacious & Comfortable: With enough seating space for 17 passengers, the Moomba Max ensures comfort for both riders and spectators on the boat. User Friendly Helm: When it comes to being user friendly, this is just one of many places the Moomba line of boats excels. Whether you prefer to keep it simple and use the manual toggle switches, or let AutoWake do it's magic and control everything though the touchscreen, the Max is extremely simple to dial in and adjust on the fly! Premium Sound System: Moomba delivers an exceptional audio experience on their boats thanks to WetSounds. This boat is equipped with a pair of Rev 10 HD tower speakers, along with interior WetSounds speakers driven by a Fusion head unit. Engineered for Adventure (With Value In Mind) The 2025 Moomba Max is not just a boat; it's a statement. With its exceptional performance and innovative wake technology at every step, it's designed to push the boundaries of what a wake boat can do, especially within it's price range. Family Friendly Fun With its spacious layout and comfortable seating, the Moomba Max is ideal for family outings. Enjoy the thrill of wake sports or a relaxing day on the water. The easy-to-use controls and safety features ensure a stress-free and enjoyable time for everyone on board. Ready to Make Waves? Experience the thrill of the 2025 Moomba Max. Whether you're an avid wakeboarder or just love being on the water, the Moomba Max is your ticket to adventure. Send us a message, give us a call, or visit us in store",https://onlyinboards.com/getmedia/e6bda6d4-8174-485e-83d2-34137ab6274b/2025-moomba-max-111109-image0.webp,"https://onlyinboards.com/getmedia/e6bda6d4-8174-485e-83d2-34137ab6274b/2025-moomba-max-111109-image0.webp,https://onlyinboards.com/getmedia/99fd45d5-c46c-4aa0-a2c5-ad837bcbe13a/2025-moomba-max-111109-image1.webp,https://onlyinboards.com/getmedia/3e418c34-c5c5-4988-a530-c4a4e436d202/2025-moomba-max-111109-image2.webp,https://onlyinboards.com/getmedia/d48155a4-ea2b-4a00-99d2-425294a70f42/2025-moomba-max-111109-image3.webp,https://onlyinboards.com/getmedia/768dad2e-baae-4ed4-8fec-3d43cfc27838/2025-moomba-max-111109-image4.webp,https://onlyinboards.com/getmedia/0c583613-a06a-4966-a6cd-aa2a3e643330/2025-moomba-max-111109-image5.webp,https://onlyinboards.com/getmedia/38fa4950-7321-4bd5-9d42-5df440219c8f/2025-moomba-max-111109-image6.webp,https://onlyinboards.com/getmedia/8e6a74af-1e6b-40d2-be38-669c2da7ad26/2025-moomba-max-111109-image7.webp,https://onlyinboards.com/getmedia/528a28b7-4adc-41cb-9c12-889e909725a7/2025-moomba-max-111109-image8.webp,https://onlyinboards.com/getmedia/9228b9c6-2190-46df-80d3-bbc267433305/2025-moomba-max-111109-image9.webp,https://onlyinboards.com/getmedia/d3749b4d-c89a-4efd-abe2-73014bc9d4f4/2025-moomba-max-111109-image10.webp,https://onlyinboards.com/getmedia/25789851-31be-47e2-8f5d-f30c87043966/2025-moomba-max-111109-image11.webp",704.957.0900,info@boatdudedeals.com,2026-02-24T02:52:40.217577+00:00,,,V-drive,,,,,,,
Y,oib-111113,DEMO Supra SA 400 2025 – Slate Blue / Light Graphite,Boat,available,198995,"$198,995",2025,Supra,SA,23,70,INDMAR 6.2 RAPTOR 400,,,"CORNELIUS , North Carolina, 28031","2025 Supra SA 400 Discover the All New 2025 Supra SA Discover the ultimate blend of luxury and performance with the 2025 Supra SA 400, a vessel crafted for those who appreciate the finer things in life. This boat is ready to redefine your water experiences. Key Features of the Moomba Max Striking Exterior: The Supra SA 400 showcases a Pure White and Slate Blue finish, offering a sleek and modern aesthetic that commands attention on the water. Luxurious Interior: Inside, Chilltech Interior provides a perfect combination of elegance and comfort. The spacious seating and premium materials ensure every outing is a memorable one. Loaded with Options: This boat is packed with a wide array of features to enhance your enjoyment. From advanced navigation systems to high-quality audio, every detail is designed with your pleasure in mind. Unmatched Performance: With its powerful engine and cutting-edge design, the Supra SA 450 offers exceptional speed and handling. Whether you're cruising, wakeboarding, or simply enjoying a day on the water, this boat delivers an exhilarating experience. Engineered for Adventure Perfect for water sports enthusiasts, family outings, and luxury cruising. Family Friendly Fun Ready to Surf in Style ? If you're ready to elevate your watersports game, don’t wait! Contact us today to schedule a viewing or get more information about this incredible boat. The 2025 Supra SA is waiting for you! Call now and secure your dream boat before it's gone!",https://onlyinboards.com/getmedia/d6d3a3dd-b748-40d4-8ebf-c0b1a3ca3cca/2025-supra-sa-111113-image0.webp,"https://onlyinboards.com/getmedia/d6d3a3dd-b748-40d4-8ebf-c0b1a3ca3cca/2025-supra-sa-111113-image0.webp,https://onlyinboards.com/getmedia/982a4c97-964f-4f4a-a8b8-6fbf579ca733/2025-supra-sa-111113-image1.webp,https://onlyinboards.com/getmedia/a3c02bd4-6443-421d-a359-5e47cc2d437c/2025-supra-sa-111113-image2.webp,https://onlyinboards.com/getmedia/4241224c-260c-4c6d-9e30-ef9defe13bcd/2025-supra-sa-111113-image3.webp,https://onlyinboards.com/getmedia/3e3f29ac-47c5-4e12-9488-4ab80217c261/2025-supra-sa-111113-image4.webp,https://onlyinboards.com/getmedia/f68cf91f-2155-45e7-bf45-ea49d2908d11/2025-supra-sa-111113-image5.webp,https://onlyinboards.com/getmedia/a48ac3ef-3144-4cad-bb4e-0cfd869276c3/2025-supra-sa-111113-image6.webp,https://onlyinboards.com/getmedia/1c1fbfe9-befe-474e-99ce-cdef79026e84/2025-supra-sa-111113-image7.webp,https://onlyinboards.com/getmedia/691805c2-ef8e-468e-b960-df8dd1597d0d/2025-supra-sa-111113-image8.webp,https://onlyinboards.com/getmedia/2371bc4e-ca05-450b-a931-b1532f68e277/2025-supra-sa-111113-image9.webp,https://onlyinboards.com/getmedia/f7feddee-0dc6-436b-9160-7ec8aa7e6ec5/2025-supra-sa-111113-image10.webp,https://onlyinboards.com/getmedia/a2547659-a797-4fad-8a56-796e5da88f70/2025-supra-sa-111113-image11.webp,https://onlyinboards.com/getmedia/5e4bf216-46d6-47df-93cd-13a59f3fd7e4/2025-supra-sa-111113-image12.webp,https://onlyinboards.com/getmedia/fc78661e-110c-4516-b0b8-5273ddfab6d6/2025-supra-sa-111113-image13.webp,https://onlyinboards.com/getmedia/25a4bd2b-ca1d-453f-86e2-edd09298dd15/2025-supra-sa-111113-image14.webp,https://onlyinboards.com/getmedia/71828bf4-06d2-44d4-9fba-28fcddb99309/2025-supra-sa-111113-image15.webp,https://onlyinboards.com/getmedia/96e4d6f1-927b-443b-9660-0223db0a7732/2025-supra-sa-111113-image16.webp,https://onlyinboards.com/getmedia/f49d8abb-f60c-449e-9870-c7689ddcb5b2/2025-supra-sa-111113-image17.webp",704.957.0900,info@boatdudedeals.com,2026-02-24T02:52:40.801956+00:00,,,V-drive,,,,,,,
Y,oib-111114,New Supra SL450 2025 – Light Graphite / Black,Boat,available,199999,"$199,999",2025,Supra,SL,24,0,INDMAR 6.2 RAPTOR 450,,,"CORNELIUS , North Carolina, 28031","2025 Supra SL450: Redefining Elegance and Power on the Waters $226,995 TAKING ALL OFFERS Embark on a Journey of Unmatched Performance and Sophistication The 2025 Supra SL450 emerges as a beacon of luxury and high performance in the boating world. This 23-foot vessel is a masterpiece, meticulously crafted for those who refuse to settle for anything less than extraordinary. Merging top-tier technology with unparalleled design, the Supra SL450 is in a league of its own. Key Features of the Supra SL450 Sleek and Sophisticated Design: The Supra SL450 is a marvel of modern engineering, boasting an aerodynamic and visually stunning profile. Its refined aesthetics ensure it stands out as a symbol of prestige on any waterway. Exceptional Performance: Powered by a robust 410-horsepower engine, the SL450 is built for exhilarating speed and responsive handling. The advanced hull design provides stability and smoothness, offering a seamless experience even in varied water conditions. State-of-the-Art Wake Technology: With cutting-edge wake and surf systems, the SL450 caters to all levels of watersports enthusiasts. Customizable wave settings allow for a tailored wakeboarding or surfing experience, ensuring every adventure is unique. Opulent Interior: Step into luxury with the SL450's plush interior, where comfort meets elegance. High-quality materials and spacious seating create an inviting environment for relaxation and entertainment. Advanced Control System: The helm is equipped with a sophisticated touchscreen interface, offering intuitive control over the boat’s navigation, systems, and entertainment features. It's a perfect blend of technology and convenience. Versatile and Spacious: The SL450 is not just a powerhouse; it's also a social hub, comfortably accommodating up to 17 passengers. It's versatile enough for tranquil cruises and lively watersport activities. Why Choose the 2025 Supra SL450? The Supra SL450 is more than a boat; it's an experience. It appeals to those who desire the finest in maritime luxury, technology, and performance. Whether you're an avid watersports enthusiast or seeking a vessel for leisure and elegance, the SL450 is your definitive choice. Ready to Make Waves? Experience the thrill of the 2025 Supra SL450. Whether you're an avid wakeboarder or just love being on the water, the Supra SL450 is your ticket to adventure. Send us a message, give us a call, or visit us in store at our Cornelius, North Carolina location to see this boat in action!",https://onlyinboards.com/getmedia/21c82c89-5948-4e58-bbb0-6433074fda3f/2025-supra-sl-111114-image0.webp,"https://onlyinboards.com/getmedia/21c82c89-5948-4e58-bbb0-6433074fda3f/2025-supra-sl-111114-image0.webp,https://onlyinboards.com/getmedia/f336ee68-e244-4704-ab31-815e90a69b49/2025-supra-sl-111114-image1.webp,https://onlyinboards.com/getmedia/2688f21b-1feb-4892-8e71-036aab5ae4f8/2025-supra-sl-111114-image2.webp,https://onlyinboards.com/getmedia/a8f486d5-842f-4ddb-9d0c-c36a83c6233b/2025-supra-sl-111114-image3.webp,https://onlyinboards.com/getmedia/3963ebbf-2808-4947-8df8-3d9607ef6d8b/2025-supra-sl-111114-image4.webp,https://onlyinboards.com/getmedia/5e46cd69-2d1d-45dc-a2f8-ae26108aff65/2025-supra-sl-111114-image5.webp,https://onlyinboards.com/getmedia/0e2e5945-e7ca-4438-8a9a-a690e58c92c9/2025-supra-sl-111114-image6.webp,https://onlyinboards.com/getmedia/f01c6bbe-7986-4e1f-8e34-785ee5b970e9/2025-supra-sl-111114-image7.webp,https://onlyinboards.com/getmedia/fc3754e4-25e5-448b-8274-15ea118881af/2025-supra-sl-111114-image8.webp,https://onlyinboards.com/getmedia/443d7d7f-ddba-4ba9-ad92-b136df54093d/2025-supra-sl-111114-image9.webp,https://onlyinboards.com/getmedia/67492463-e7fa-4a58-bee7-a58a956d06bd/2025-supra-sl-111114-image10.webp,https://onlyinboards.com/getmedia/c50facb0-0d1c-4394-b1f4-99db49865ac8/2025-supra-sl-111114-image11.webp,https://onlyinboards.com/getmedia/9666bccf-ee73-419e-a225-352feabadaac/2025-supra-sl-111114-image12.webp,https://onlyinboards.com/getmedia/8d9206e5-611e-40bb-8def-880af5fc7044/2025-supra-sl-111114-image13.webp,https://onlyinboards.com/getmedia/90aef2af-2134-442c-9287-70922f00e094/2025-supra-sl-111114-image14.webp,https://onlyinboards.com/getmedia/31686bcb-6828-4ea1-b7f9-129758eff8a4/2025-supra-sl-111114-image15.webp,https://onlyinboards.com/getmedia/728d950e-b863-4173-9c2d-20bb86718c36/2025-supra-sl-111114-image16.webp",704.957.0900,info@boatdudedeals.com,2026-02-24T02:52:41.367149+00:00,,,V-drive,,,,,,,
Y,oib-112160,2023 MASTERCRAFT NXT 24 NO TRAILER,Boat,available,95999,"$95,999",2023,Mastercraft,NXT24,24,95,ILMOR 5.3 L,,,"CORNELIUS , North Carolina, 28031","The NXT24 is the biggest and boldest in the NXT Family, now with standout style and thoughtful upgrades throughout. Premium vinyl pleating, powder-coated towers, RGB lighting, keyless entry, SurfStar, and immersive SoundStage audio—it’s all standard. With a roomy layout and plenty of storage, the NXT24 is built to go bigger, ride longer, and make it all feel effortless. This is a gorgeous one owner NXT24 with low hours! Just serviced and ready to go!",https://onlyinboards.com/getmedia/ffc4b57c-9adf-49de-b153-ae880cdd2095/2023-mastercraft-nxt24-112160-image0.webp,"https://onlyinboards.com/getmedia/ffc4b57c-9adf-49de-b153-ae880cdd2095/2023-mastercraft-nxt24-112160-image0.webp,https://onlyinboards.com/getmedia/be380650-3930-4ae7-8e70-1fee085d41f4/2023-mastercraft-nxt24-112160-image1.webp,https://onlyinboards.com/getmedia/899e6828-69d4-43fd-bb92-f08bbcfa91e8/2023-mastercraft-nxt24-112160-image2.webp,https://onlyinboards.com/getmedia/0bc17ddf-a4b7-4ce6-8baf-af9724a9b19d/2023-mastercraft-nxt24-112160-image3.webp,https://onlyinboards.com/getmedia/809ca7e4-100b-429e-b994-3205b6991e1a/2023-mastercraft-nxt24-112160-image4.webp,https://onlyinboards.com/getmedia/64cb424e-540a-4a38-b860-0a64936f209c/2023-mastercraft-nxt24-112160-image5.webp,https://onlyinboards.com/getmedia/31111efe-5059-4554-b6ae-26286c4b9683/2023-mastercraft-nxt24-112160-image6.webp,https://onlyinboards.com/getmedia/38be9cac-2dbb-4206-84ee-92859668b546/2023-mastercraft-nxt24-112160-image7.webp,https://onlyinboards.com/getmedia/ff373e2f-2f76-49dd-88d1-b717164411f4/2023-mastercraft-nxt24-112160-image8.webp,https://onlyinboards.com/getmedia/9a379646-34c9-496d-a41a-fcc7341b8f93/2023-mastercraft-nxt24-112160-image9.webp,https://onlyinboards.com/getmedia/a1134aa2-f8da-434d-a2fb-7047f7417602/2023-mastercraft-nxt24-112160-image10.webp,https://onlyinboards.com/getmedia/2754a19f-0a02-4c89-9040-80480d6a5374/2023-mastercraft-nxt24-112160-image11.webp,https://onlyinboards.com/getmedia/5a4e6f5a-237f-487b-a364-7f83da700d60/2023-mastercraft-nxt24-112160-image12.webp,https://onlyinboards.com/getmedia/b830ef6a-2c55-4c7c-9bdc-e4ec50bb3123/2023-mastercraft-nxt24-112160-image13.webp",704.957.0900,info@boatdudedeals.com,2026-02-24T02:52:41.935620+00:00,,,V-drive,,,,,,,
Y,oib-112720,2020 MOOMBA MAX,Boat,available,74999,"$74,999",2020,Moomba,MAX,22,265,INDMAR 6.2 RAPTOR 400,,,"CORNELIUS , North Carolina, 28031","LIKE NEW CLEAN BOAT 2020 MOOMBA MAX WITH 265 HRS NO TRAILER BUT WE HAVE TRAILERS IN STOCK The 2020 Moomba Max was first introduced into the Moomba Boats lineup in 2018. Designed with performance and affordability in mind, the 2020 Max provides exceptional wake and surf performance at a price point that won't break the bank. Coming in at just under 23' in length with 3,200 lbs of standard ballast, this boat is more than capable of serving up massive wakeboard wakes. When you combine that with Moomba's Flow 2.0 Surf System, you receive exceptional surf waves that are highly customizable. Looking past all of the performance there is more about this boat than just what meets the eye. The 2020 Moomba Max features larges amounts of storage all throughout the boat. This means you can pack it in for a fun day on the water without having to leave gear behind.",https://onlyinboards.com/getmedia/a6aeab47-6531-4cf0-8f45-c89f854bb6ed/2020-moomba-max-112720-image0.webp,"https://onlyinboards.com/getmedia/a6aeab47-6531-4cf0-8f45-c89f854bb6ed/2020-moomba-max-112720-image0.webp,https://onlyinboards.com/getmedia/0242258a-d047-489d-b50a-8cf055fe0aa0/2020-moomba-max-112720-image1.webp,https://onlyinboards.com/getmedia/ff113b48-a73a-4cf7-b14b-f3ec384d7eac/2020-moomba-max-112720-image2.webp,https://onlyinboards.com/getmedia/15414c29-84d9-4a32-921f-947ff3a09890/2020-moomba-max-112720-image3.webp,https://onlyinboards.com/getmedia/bb6a8fef-a576-4c97-a121-d50d90815e81/2020-moomba-max-112720-image4.webp,https://onlyinboards.com/getmedia/332b1930-a211-4784-b51b-caca3c1aaf7c/2020-moomba-max-112720-image5.webp,https://onlyinboards.com/getmedia/fddcbdef-2d1b-472b-81a1-343bf2420ad6/2020-moomba-max-112720-image6.webp,https://onlyinboards.com/getmedia/d1ce5546-e1ef-4afd-a520-8f47872ea173/2020-moomba-max-112720-image7.webp,https://onlyinboards.com/getmedia/4a5a22e0-58a2-4f75-a3ea-021949e52421/2020-moomba-max-112720-image8.webp,https://onlyinboards.com/getmedia/99cb42b3-6a31-431d-a242-f90c64e0ac11/2020-moomba-max-112720-image9.webp,https://onlyinboards.com/getmedia/ad132d3b-14a6-4b0e-9fa1-964123d05976/2020-moomba-max-112720-image10.webp,https://onlyinboards.com/getmedia/ca49cf42-a6c3-4359-b299-c5b16d253534/2020-moomba-max-112720-image11.webp,https://onlyinboards.com/getmedia/1ae3a69e-b1ce-4606-8ea3-e39d74aac9c7/2020-moomba-max-112720-image12.webp,https://onlyinboards.com/getmedia/da8bf1ca-e5e0-4462-bed5-fdca251acbd5/2020-moomba-max-112720-image13.webp,https://onlyinboards.com/getmedia/8c23063d-f111-455b-b195-169bbb9a116d/2020-moomba-max-112720-image14.webp,https://onlyinboards.com/getmedia/505ad303-53ca-4398-8d76-6d720c37c420/2020-moomba-max-112720-image15.webp,https://onlyinboards.com/getmedia/11c82622-a916-4d8f-b006-688a1dd9244b/2020-moomba-max-112720-image16.webp,https://onlyinboards.com/getmedia/f9870bec-697a-4dd1-844d-5c360d2b7cad/2020-moomba-max-112720-image17.webp,https://onlyinboards.com/getmedia/78626f32-24f6-48c5-9b58-ea0536476c9a/2020-moomba-max-112720-image18.webp,https://onlyinboards.com/getmedia/4a72d2ad-1484-46a0-8b7f-8e6186a42bd1/2020-moomba-max-112720-image19.webp",704.957.0900,info@boatdudedeals.com,2026-02-24T02:52:42.495084+00:00,,,V-drive,,,,,,,
Y,oib-113386,2023 SUPRA SA450,Boat,available,136500,"$136,500",2023,Supra,SA,22,290,INDMAR 6.2 RAPTOR 450,,,"CORNELIUS , North Carolina, 28031","290 hours, 1 owner, custom-built wake boat with a ton of options! The 2023 Supra SA 450 is a wakeboard and surf boat with a length of 22' 5"" and a beam of 102 inches. It has a standard ballast capacity of 4,100 lbs and a weight of 6,450 lbs. The SA 450 can accommodate up to 16 passengers. The boat is powered by a 450 HP engine.",https://onlyinboards.com/getmedia/d3b54a97-0b4b-4d58-b380-ce748d977f02/2023-supra-sa-113386-image0.webp,"https://onlyinboards.com/getmedia/d3b54a97-0b4b-4d58-b380-ce748d977f02/2023-supra-sa-113386-image0.webp,https://onlyinboards.com/getmedia/13f37f52-673e-41e5-ac23-09d3174880e1/2023-supra-sa-113386-image1.webp,https://onlyinboards.com/getmedia/26ab4e1a-5f42-4be7-82d3-c1986c503fb0/2023-supra-sa-113386-image2.webp,https://onlyinboards.com/getmedia/0c300e94-d23b-4122-a94a-8c06e4a36c9d/2023-supra-sa-113386-image3.webp,https://onlyinboards.com/getmedia/0a975844-6b0c-47b8-af9f-7c7c67b121e8/2023-supra-sa-113386-image4.webp,https://onlyinboards.com/getmedia/9f3c2725-2d93-4dbb-9b4d-ef5cbe590434/2023-supra-sa-113386-image5.webp,https://onlyinboards.com/getmedia/d92c3def-fe18-49d3-a3f3-5891266ba4ce/2023-supra-sa-113386-image6.webp,https://onlyinboards.com/getmedia/936547e0-90cb-4fb6-9ad0-ea4f4932d343/2023-supra-sa-113386-image7.webp,https://onlyinboards.com/getmedia/c35462fe-c3cf-49f7-877c-ad99e0ccf72a/2023-supra-sa-113386-image8.webp,https://onlyinboards.com/getmedia/2fa5cf64-3b19-4ab4-89a6-4dc582c7dd25/2023-supra-sa-113386-image9.webp,https://onlyinboards.com/getmedia/cb09be0a-cde4-4459-be4c-10060270fa86/2023-supra-sa-113386-image10.webp,https://onlyinboards.com/getmedia/6d83e55f-f7b9-4c68-8884-f6785f8266c7/2023-supra-sa-113386-image11.webp,https://onlyinboards.com/getmedia/629cc982-07f2-45fb-97cb-f66dc88f4cb4/2023-supra-sa-113386-image12.webp,https://onlyinboards.com/getmedia/5917417f-b6c4-428d-b3dc-239b48d41984/2023-supra-sa-113386-image13.webp",704.957.0900,info@boatdudedeals.com,2026-02-24T02:52:43.064683+00:00,,,V-drive,,,,,,,
Y,oib-113802,2025 MOOMBA MOJO,Boat,available,104995,"$104,995",2025,Moomba,Mojo,23,0,INDMAR 6.2 RAPTOR 400,,,"CORNELIUS , North Carolina, 28031","2025 Moomba Mojo: The Ultimate Wake Boat Experience Discover the Thrill of the 2025 Moomba Mojo Embark on an unparalleled water adventure with the 2025 Moomba Mojo, a wake boat engineered to redefine your boating experience. Combining state-of-the-art design with exceptional performance, the Moomba Mojo is perfect for both wakeboarding enthusiasts and families seeking fun on the water. Key Features of the Moomba Mojo Innovative Wake Technology: The Moomba Mojo's advanced hull design and AutoWake® system ensure the perfect wake every time. Exceptional Power & Performance: Powered by the impressive Raptor 400 6.2L Engine by Indmar, this boat offers exceptional power and reliability to ensure you have less downtime and more time to make memories on the water. Spacious & Comfortable: With enough seating space for 17 passengers, the Moomba Mojo ensures comfort for both riders and spectators on the boat. Premium Sound System: Moomba delivers an exceptional audio experience on their boats thanks to WetSounds. This boat is equipped with a full WetSounds stereo system, including an amplified subwoofer, amplified cabin speakers, and amplified Rev 10 HD tower speakers. Engineered for Adventure The 2025 Moomba Mojo is not just a boat; it's a statement. With its dynamic performance and innovative wake technology, it's designed to push the boundaries of what a wake boat can do. Whether you're carving the perfect wake or cruising in style, the Moomba Mojo delivers an unforgettable experience. Family Friendly Fun With its spacious layout and comfortable seating, the Moomba Mojo is ideal for family outings. Enjoy the thrill of wake sports or a relaxing day on the water. The easy-to-use controls and safety features ensure a stress-free and enjoyable time for everyone on board. Ready to Make Waves? Experience the thrill of the 2025 Moomba Mojo. Whether you're an avid wakeboarder or just love being on the water, the Moomba Mojo is your ticket to adventure. Send us a message, give us a call, or visit us in store to see this boat in action!",https://onlyinboards.com/getmedia/169bebcf-309a-4834-9e01-11b5abbb351c/2025-moomba-mojo-113802-image0.webp,"https://onlyinboards.com/getmedia/169bebcf-309a-4834-9e01-11b5abbb351c/2025-moomba-mojo-113802-image0.webp,https://onlyinboards.com/getmedia/499805da-b00f-46c9-9a15-4e203f4294c6/2025-moomba-mojo-113802-image1.webp,https://onlyinboards.com/getmedia/5c62eb0a-15ed-4197-a4ba-012b8a4c79f1/2025-moomba-mojo-113802-image2.webp,https://onlyinboards.com/getmedia/71cd4c80-a16c-496e-9f1c-f40e5350fde4/2025-moomba-mojo-113802-image3.webp,https://onlyinboards.com/getmedia/b8a111be-06f2-4f2c-9af5-ac069bf6e74f/2025-moomba-mojo-113802-image4.webp,https://onlyinboards.com/getmedia/9ac8a98b-c45c-4273-a45d-8fbd8a04d097/2025-moomba-mojo-113802-image5.webp,https://onlyinboards.com/getmedia/d75d66dd-8a2d-4abf-8cae-212b23e59ac5/2025-moomba-mojo-113802-image6.webp,https://onlyinboards.com/getmedia/6440031e-a160-4501-aaa7-b3a14cd8d7ce/2025-moomba-mojo-113802-image7.webp,https://onlyinboards.com/getmedia/4d2015e8-8489-45ee-b8ca-11c646c15d1d/2025-moomba-mojo-113802-image8.webp",704.957.0900,info@boatdudedeals.com,2026-02-24T02:52:43.629396+00:00,,,V-drive,,,,,,,
Y,oib-113804,2025 Moomba Max Pacific Blue,Boat,available,104999,"$104,999",2025,Moomba,MAX,22,0,INDMAR 6.2 RAPTOR 400,,,"CORNELIUS , North Carolina, 28031","Discover the Thrill of the 2025 Moomba Max Embark on an unparalleled water adventure with the 2025 Moomba Max. Combining state-of-the-art design with exceptional performance, the Moomba Max is perfect for both wakeboarding enthusiasts, wakesurfing fans, and families seeking fun on the water. Key Features of the Moomba Max Innovative Wake Technology: The Moomba Max's advanced hull design and AutoWake® system ensure the perfect wake every time. Exceptional Power & Performance: Powered by the impressive Raptor 400 6.2L Engine by Indmar, this boat offers exceptional power and reliability to ensure you have less downtime and more time to make memories on the water. Spacious & Comfortable: With enough seating space for 17 passengers, the Moomba Max ensures comfort for both riders and spectators on the boat. User Friendly Helm: When it comes to being user friendly, this is just one of many places the Moomba line of boats excels. Whether you prefer to keep it simple and use the manual toggle switches, or let AutoWake do it's magic and control everything though the touchscreen, the Max is extremely simple to dial in and adjust on the fly! Premium Sound System: Moomba delivers an exceptional audio experience on their boats thanks to WetSounds. This boat is equipped with a pair of Rev 10 HD tower speakers, along with interior WetSounds speakers driven by a Fusion head unit. Engineered for Adventure (With Value In Mind) The 2025 Moomba Max is not just a boat; it's a statement. With its exceptional performance and innovative wake technology at every step, it's designed to push the boundaries of what a wake boat can do, especially within it's price range. Family Friendly Fun With its spacious layout and comfortable seating, the Moomba Max is ideal for family outings. Enjoy the thrill of wake sports or a relaxing day on the water. The easy-to-use controls and safety features ensure a stress-free and enjoyable time for everyone on board. Ready to Make Waves? Experience the thrill of the 2025 Moomba Max. Whether you're an avid wakeboarder or just love being on the water, the Moomba Max is your ticket to adventure. Send us a message, give us a call",https://onlyinboards.com/getmedia/0e3ae3bf-c804-4384-9f50-4ede2836a75c/2025-moomba-max-113804-image0.webp,"https://onlyinboards.com/getmedia/0e3ae3bf-c804-4384-9f50-4ede2836a75c/2025-moomba-max-113804-image0.webp,https://onlyinboards.com/getmedia/6ac6d123-d4eb-4d76-bf1b-3f920917131f/2025-moomba-max-113804-image1.webp,https://onlyinboards.com/getmedia/3195e022-a358-472e-a447-f4f499d9b5ea/2025-moomba-max-113804-image2.webp,https://onlyinboards.com/getmedia/f098291c-2c5a-4d06-a381-9bdeb32bb621/2025-moomba-max-113804-image3.webp,https://onlyinboards.com/getmedia/2136eda1-7cff-4448-af78-77cfc7d40408/2025-moomba-max-113804-image4.webp,https://onlyinboards.com/getmedia/f94a8d20-9765-44a6-8639-893ce64d1f21/2025-moomba-max-113804-image5.webp,https://onlyinboards.com/getmedia/12ce23e5-353b-4619-9eb4-95fa870dead3/2025-moomba-max-113804-image6.webp,https://onlyinboards.com/getmedia/72984482-44c5-4369-8a83-88d3e29ad63c/2025-moomba-max-113804-image7.webp,https://onlyinboards.com/getmedia/f24bb398-2711-4ac0-8a3a-8c6f27c2e2b4/2025-moomba-max-113804-image8.webp,https://onlyinboards.com/getmedia/195c5af2-2a60-49db-972b-357265b3ef3a/2025-moomba-max-113804-image9.webp,https://onlyinboards.com/getmedia/15e42953-c2d3-42f3-b2e6-dd0d358d0f51/2025-moomba-max-113804-image10.webp,https://onlyinboards.com/getmedia/86e641c8-9d38-4021-9544-892f1bbba36e/2025-moomba-max-113804-image11.webp",704.957.0900,info@boatdudedeals.com,2026-02-24T02:52:44.189152+00:00,,,V-drive,,,,,,,
Y,oib-113806,2025 SUPRA SL 450 – Pure White Slate Blue,Boat,available,226995,"$226,995",2025,Supra,SL,24,0,INDMAR 6.2 RAPTOR 450,,,"CORNELIUS , North Carolina, 28031","2025 Supra SL450: Redefining Elegance and Power on the Waters TAKING ALL OFFER NEED ALL 2025 GONE NEED THE ROOM 2026 COMING IN EVERY DAY BEST TIME TO BUY Embark on a Journey of Unmatched Performance and Sophistication The 2025 Supra SL450 emerges as a beacon of luxury and high performance in the boating world. This 23-foot vessel is a masterpiece, meticulously crafted for those who refuse to settle for anything less than extraordinary. Merging top-tier technology with unparalleled design, the Supra SL450 is in a league of its own. Key Features of the Supra SL450 Sleek and Sophisticated Design: The Supra SL450 is a marvel of modern engineering, boasting an aerodynamic and visually stunning profile. Its refined aesthetics ensure it stands out as a symbol of prestige on any waterway. Exceptional Performance: Powered by a robust 410-horsepower engine, the SL450 is built for exhilarating speed and responsive handling. The advanced hull design provides stability and smoothness, offering a seamless experience even in varied water conditions. State-of-the-Art Wake Technology: With cutting-edge wake and surf systems, the SL450 caters to all levels of watersports enthusiasts. Customizable wave settings allow for a tailored wakeboarding or surfing experience, ensuring every adventure is unique. Opulent Interior: Step into luxury with the SL450's plush interior, where comfort meets elegance. High-quality materials and spacious seating create an inviting environment for relaxation and entertainment. Advanced Control System: The helm is equipped with a sophisticated touchscreen interface, offering intuitive control over the boat’s navigation, systems, and entertainment features. It's a perfect blend of technology and convenience. Versatile and Spacious: The SL450 is not just a powerhouse; it's also a social hub, comfortably accommodating up to 17 passengers. It's versatile enough for tranquil cruises and lively watersport activities. Why Choose the 2025 Supra SL450? The Supra SL450 is more than a boat; it's an experience. It appeals to those who desire the finest in maritime luxury, technology, and performance. Whether you're an avid watersports enthusiast or seeking a vessel for leisure and elegance, the SL450 is your definitive choice. Ready to Make Waves? Experience the thrill of the 2025 Supra SL450. Whether you're an avid wakeboarder or just love being on the water, the Supra SL450 is your ticket to adventure. Don't take our word for it - Call us today to schedule an on the water demo and experience the Supra SL's power and performance firsthand!",https://onlyinboards.com/getmedia/5411237b-5fe2-4071-9ce0-ce78d0b2de21/2025-supra-sl-113806-image0.webp,"https://onlyinboards.com/getmedia/5411237b-5fe2-4071-9ce0-ce78d0b2de21/2025-supra-sl-113806-image0.webp,https://onlyinboards.com/getmedia/858b6e93-c5f2-47a1-a3cb-8797e21fd0d7/2025-supra-sl-113806-image1.webp,https://onlyinboards.com/getmedia/4ababd9e-c74b-4c38-92f4-6ec98161dad7/2025-supra-sl-113806-image2.webp,https://onlyinboards.com/getmedia/95ade9a3-d736-45ff-8538-bb68bd916640/2025-supra-sl-113806-image3.webp,https://onlyinboards.com/getmedia/6314d167-4c89-45a8-a1f8-1f06ba6d5b87/2025-supra-sl-113806-image4.webp,https://onlyinboards.com/getmedia/e84e5aad-40e9-4f4d-8c36-c5b70c3fa440/2025-supra-sl-113806-image5.webp,https://onlyinboards.com/getmedia/69b8315e-71f9-45ce-90e4-8d53200f60df/2025-supra-sl-113806-image6.webp,https://onlyinboards.com/getmedia/e5d9e7d7-0507-4f9c-9f91-1175c43c3bf5/2025-supra-sl-113806-image7.webp,https://onlyinboards.com/getmedia/483ed0fe-4ae2-4ef8-88b2-b60a9708ab63/2025-supra-sl-113806-image8.webp,https://onlyinboards.com/getmedia/b3b27b44-4848-4319-a7d4-033bef0d47a9/2025-supra-sl-113806-image9.webp,https://onlyinboards.com/getmedia/eb1d1dde-a1f9-4a0f-a9a1-a2b7f2de9169/2025-supra-sl-113806-image10.webp,https://onlyinboards.com/getmedia/37d8bbd9-30f4-483b-b741-3157e7b46c5b/2025-supra-sl-113806-image11.webp,https://onlyinboards.com/getmedia/305cd969-f6a7-41d1-a2e6-3c254f9e972f/2025-supra-sl-113806-image12.webp,https://onlyinboards.com/getmedia/77d9ade9-d0ec-4836-9255-9b307b1940e5/2025-supra-sl-113806-image13.webp,https://onlyinboards.com/getmedia/71abf971-e995-438f-950e-775a1bf62f34/2025-supra-sl-113806-image14.webp,https://onlyinboards.com/getmedia/af3fd2a6-70f9-48af-9aa9-cd6f5d9f3a3f/2025-supra-sl-113806-image15.webp,https://onlyinboards.com/getmedia/e32c0d7e-90f6-49d5-8629-39d3a2c4a259/2025-supra-sl-113806-image16.webp,https://onlyinboards.com/getmedia/08c3fdc5-ef8a-4643-a524-e096da474161/2025-supra-sl-113806-image17.webp,https://onlyinboards.com/getmedia/1cc22af2-e7be-4c13-9bcb-67a1a052cc39/2025-supra-sl-113806-image18.webp",704.957.0900,info@boatdudedeals.com,2026-02-24T02:52:44.823002+00:00,,,V-drive,,,,,,,
Y,oib-115960,2025 MOOMBA TYKON,Boat,available,109999,"$109,999",2025,Moomba,Tykon,24,0,INDMAR 6.2 RAPTOR 400,,,"CORNELIUS , North Carolina, 28031","2025 Moomba Tykon 2025 Moomba Tykon – Big Waves, Bigger Adventures! If you’re looking for a wakeboat that does it all, the 2025 Moomba Tykon is built to take your on-water experience to the next level. At 24 fet long with seating for up to 18 people, this boat has tons of space for family, friends, and all the gear you need for a perfect day on the water! financing and delivery available!! Lake Norman, Lake Wylie, Badin, High Rock, Keowee, Hartwell, James, Mtn Island, discount, Indmar, Tillery, Surf, Watersports, wakeboard, georgia, tennessee, south carolina Key Features of the Moomba Tykon Innovative Design: The Tykon boasts a versatile layout, accommodating both high performance watersports and leisurely cruises. Advanced Technology: Equipped with the latest advancements, including the E/Pex Tower and dual screens, ensuring a user-friendly experience! Powerful Performance: Powered by the Indmar Raptor 6.2L 450 engine, delivering 430 horsepower for exhilarating speeds and smooth cruising. Spacious Capacity:With a length of 24. Feet and a beam of 102 inches, the Tykon provides ample space for up to 18 passengers, making it ideal for larger groups or families. Premium Boat without the Premium Price? This boat is all about comfort, style, and fun, with plush seating, a killer sound system, and premium storage for all your gear! Whether you’re pushing your limits or just relaxing on the water, the Moomba Tykon is built to handle it all-without breaking the bank! Ready to Turn Heads on the Water? If you're ready to elevate your watersports game, don’t wait! Contact us today to schedule a viewing or get more information about this incredible boat. The 2025 Moomba Max is waiting for you! Call now and secure your dream boat before it's gone!",https://onlyinboards.com/getmedia/5ec40ad7-1511-4bb3-8d4b-a310540798b4/2025-moomba-tykon-115960-image0.webp,"https://onlyinboards.com/getmedia/5ec40ad7-1511-4bb3-8d4b-a310540798b4/2025-moomba-tykon-115960-image0.webp,https://onlyinboards.com/getmedia/8c477199-ffb6-4550-83ea-cd32510fce5e/2025-moomba-tykon-115960-image1.webp,https://onlyinboards.com/getmedia/7d88dce8-da05-4c0b-a4a0-f40e85ff42f1/2025-moomba-tykon-115960-image2.webp,https://onlyinboards.com/getmedia/dbe4d422-ccf0-44a4-b10a-5bbc5ccaac67/2025-moomba-tykon-115960-image3.webp,https://onlyinboards.com/getmedia/255f86ce-ecfe-4d99-bf1b-d2ea4cb7627d/2025-moomba-tykon-115960-image4.webp,https://onlyinboards.com/getmedia/7339f62d-97ad-47f0-bca9-fffeb2820166/2025-moomba-tykon-115960-image5.webp,https://onlyinboards.com/getmedia/25e25e22-2832-4871-b978-caed55d006e0/2025-moomba-tykon-115960-image6.webp,https://onlyinboards.com/getmedia/0fd53083-8a1a-467d-80cc-1abd51db61d5/2025-moomba-tykon-115960-image7.webp,https://onlyinboards.com/getmedia/45eb3dac-c235-41cb-8fdb-f703ebaa3e83/2025-moomba-tykon-115960-image8.webp,https://onlyinboards.com/getmedia/b45bf134-109d-48fd-8e49-8a4624f45be2/2025-moomba-tykon-115960-image9.webp,https://onlyinboards.com/getmedia/d8958895-5f7f-46b3-8925-0f49ea30d2fa/2025-moomba-tykon-115960-image10.webp,https://onlyinboards.com/getmedia/7e3af3e1-f398-464a-981b-608ba926d0f0/2025-moomba-tykon-115960-image11.webp,https://onlyinboards.com/getmedia/9961716c-bbe7-46b9-87fd-fd0640e02b78/2025-moomba-tykon-115960-image12.webp,https://onlyinboards.com/getmedia/dee8c4a1-803f-4b36-97bf-e8ce5a78a6ae/2025-moomba-tykon-115960-image13.webp,https://onlyinboards.com/getmedia/7d6e4a46-5606-48ba-b6ed-714df8249342/2025-moomba-tykon-115960-image14.webp,https://onlyinboards.com/getmedia/b6a644c6-2a0a-4b82-a241-5cb3ad9c7981/2025-moomba-tykon-115960-image15.webp,https://onlyinboards.com/getmedia/c2dbaea6-650b-4622-abfc-3be2aa7e2681/2025-moomba-tykon-115960-image16.webp",704.957.0900,info@boatdudedeals.com,2026-02-24T02:52:45.446000+00:00,,,V-drive,,,,,,,
Y,oib-115962,2025 MOOMBA TYKON,Boat,available,103999,"$103,999",2025,Moomba,Tykon,24,0,INDMAR 6.2 RAPTOR 400,,,"CORNELIUS , North Carolina, 28031","2025 Moomba Tykon 2025 Moomba Tykon – Big Waves, Bigger Adventures! If you’re looking for a wakeboat that does it all, the 2025 Moomba Tykon is built to take your on-water experience to the next level. At 24 fet long with seating for up to 18 people, this boat has tons of space for family, friends, and all the gear you need for a perfect day on the water! financing and delivery available!! Lake Norman, Lake Wylie, Badin, High Rock, Keowee, Hartwell, James, Mtn Island, discount, Indmar, Tillery, Surf, Watersports, wakeboard, georgia, tennessee, south carolina Key Features of the Moomba Tykon Innovative Design: The Tykon boasts a versatile layout, accommodating both high performance watersports and leisurely cruises. Advanced Technology: Equipped with the latest advancements, including the E/Pex Tower and dual screens, ensuring a user-friendly experience! Powerful Performance: Powered by the Indmar Raptor 6.2L 450 engine, delivering 430 horsepower for exhilarating speeds and smooth cruising. Spacious Capacity:With a length of 24. Feet and a beam of 102 inches, the Tykon provides ample space for up to 18 passengers, making it ideal for larger groups or families. Premium Boat without the Premium Price? This boat is all about comfort, style, and fun, with plush seating, a killer sound system, and premium storage for all your gear! Whether you’re pushing your limits or just relaxing on the water, the Moomba Tykon is built to handle it all-without breaking the bank! Ready to Turn Heads on the Water? If you're ready to elevate your watersports game, don’t wait! Contact us today to schedule a viewing or get more information about this incredible boat. The 2025 Moomba Max is waiting for you! Call now and secure your dream boat before it's gone!",https://onlyinboards.com/getmedia/5b76bbc8-4373-491d-9701-2ece718a1ef9/2025-moomba-tykon-115962-image0.webp,"https://onlyinboards.com/getmedia/5b76bbc8-4373-491d-9701-2ece718a1ef9/2025-moomba-tykon-115962-image0.webp,https://onlyinboards.com/getmedia/3ad9e250-083c-409a-a0b5-0830bcbcdc92/2025-moomba-tykon-115962-image1.webp,https://onlyinboards.com/getmedia/582c3b5c-9517-410f-beca-361f6be178f9/2025-moomba-tykon-115962-image2.webp,https://onlyinboards.com/getmedia/cf1e0487-5ca9-411a-b885-c85580eee636/2025-moomba-tykon-115962-image3.webp,https://onlyinboards.com/getmedia/91ac5edb-b669-4d06-9a72-a39d67b8dcbb/2025-moomba-tykon-115962-image4.webp,https://onlyinboards.com/getmedia/8ee0bfa5-1a52-4511-84cd-f0a4e92229a5/2025-moomba-tykon-115962-image5.webp,https://onlyinboards.com/getmedia/0b6e477d-7685-49fb-92aa-69fb31d7ff6b/2025-moomba-tykon-115962-image6.webp,https://onlyinboards.com/getmedia/3cb635a4-9ee7-40dc-9266-1ef31d9de585/2025-moomba-tykon-115962-image7.webp,https://onlyinboards.com/getmedia/5389e44e-db4d-4908-bccd-f250d51101a2/2025-moomba-tykon-115962-image8.webp,https://onlyinboards.com/getmedia/ce2473a0-b46c-4ee2-aba0-843fa43d50b5/2025-moomba-tykon-115962-image9.webp,https://onlyinboards.com/getmedia/6baac7c1-800e-49a7-8101-3eb14f335c45/2025-moomba-tykon-115962-image10.webp,https://onlyinboards.com/getmedia/83af839f-1296-4316-8867-06fcf8254a54/2025-moomba-tykon-115962-image11.webp,https://onlyinboards.com/getmedia/13617e9f-9c25-4b8c-8a1b-591c58c0c7e5/2025-moomba-tykon-115962-image12.webp,https://onlyinboards.com/getmedia/0a7499a6-67a4-44e7-977a-69a2a61bdcdd/2025-moomba-tykon-115962-image13.webp",704.957.0900,info@boatdudedeals.com,2026-02-24T02:52:46.025889+00:00,,,V-drive,,,,,,,
Y,oib-115963,2025 MOOMBA MOJO,Boat,available,108995,"$108,995",2025,Moomba,Mojo,23,0,INDMAR 6.2 RAPTOR 400,,,"CORNELIUS , North Carolina, 28031","2025 Moomba Mojo: The Ultimate Wake Boat Experience Discover the Thrill of the 2025 Moomba Mojo Embark on an unparalleled water adventure with the 2025 Moomba Mojo, a wake boat engineered to redefine your boating experience. Combining state-of-the-art design with exceptional performance, the Moomba Mojo is perfect for both wakeboarding enthusiasts and families seeking fun on the water. Key Features of the Moomba Mojo Innovative Wake Technology: The Moomba Mojo's advanced hull design and AutoWake® system ensure the perfect wake every time. Exceptional Power & Performance: Powered by the impressive Raptor 400 6.2L Engine by Indmar, this boat offers exceptional power and reliability to ensure you have less downtime and more time to make memories on the water. Spacious & Comfortable: With enough seating space for 17 passengers, the Moomba Mojo ensures comfort for both riders and spectators on the boat. Premium Sound System: Moomba delivers an exceptional audio experience on their boats thanks to WetSounds. This boat is equipped with a full WetSounds stereo system, including an amplified subwoofer, amplified cabin speakers, and amplified Rev 10 HD tower speakers. Engineered for Adventure The 2025 Moomba Mojo is not just a boat; it's a statement. With its dynamic performance and innovative wake technology, it's designed to push the boundaries of what a wake boat can do. Whether you're carving the perfect wake or cruising in style, the Moomba Mojo delivers an unforgettable experience. Family Friendly Fun With its spacious layout and comfortable seating, the Moomba Mojo is ideal for family outings. Enjoy the thrill of wake sports or a relaxing day on the water. The easy-to-use controls and safety features ensure a stress-free and enjoyable time for everyone on board. Ready to Make Waves? Experience the thrill of the 2025 Moomba Mojo. Whether you're an avid wakeboarder or just love being on the water, the Moomba Mojo is your ticket to adventure. Send us a message, give us a call, or visit us in store to see this boat in action! financing and delivery available!! Lake Norman, Lake Wylie, Badin, High Rock, Keowee, Hartwell, James, Mtn Island, discount, Indmar, Tillery, Surf, Watersports, wakeboard, georgia, tennessee, south carolina",https://onlyinboards.com/getmedia/e0e7099a-3127-4881-848e-68e9e1919397/2025-moomba-mojo-115963-image0.webp,"https://onlyinboards.com/getmedia/e0e7099a-3127-4881-848e-68e9e1919397/2025-moomba-mojo-115963-image0.webp,https://onlyinboards.com/getmedia/813000cc-4205-418e-8a5f-551941ec81ed/2025-moomba-mojo-115963-image1.webp,https://onlyinboards.com/getmedia/1ba6633d-0e5e-4398-a9e3-7aa2b67722d5/2025-moomba-mojo-115963-image2.webp,https://onlyinboards.com/getmedia/21a96745-d0aa-49d3-bbcd-ce8258ee9577/2025-moomba-mojo-115963-image3.webp,https://onlyinboards.com/getmedia/b17f10aa-8650-4b73-9d84-637051289a0b/2025-moomba-mojo-115963-image4.webp,https://onlyinboards.com/getmedia/12261bd8-95ac-4149-b4a0-4fb672ac8ea8/2025-moomba-mojo-115963-image5.webp,https://onlyinboards.com/getmedia/ccc795ab-9759-4f0e-adcf-ff95a0c7f9f2/2025-moomba-mojo-115963-image6.webp,https://onlyinboards.com/getmedia/c3e6f88f-cee9-4170-8e36-2999e3db9484/2025-moomba-mojo-115963-image7.webp,https://onlyinboards.com/getmedia/c2416ebb-5187-4b68-b8a4-eff8f3003476/2025-moomba-mojo-115963-image8.webp,https://onlyinboards.com/getmedia/648e31c4-7150-4068-89bb-8984e57c5955/2025-moomba-mojo-115963-image9.webp,https://onlyinboards.com/getmedia/a28e0740-3168-4a8d-9297-a09464cdb0b3/2025-moomba-mojo-115963-image10.webp,https://onlyinboards.com/getmedia/114a05cd-bc29-4e30-89dd-00c7502a156b/2025-moomba-mojo-115963-image11.webp",704.957.0900,info@boatdudedeals.com,2026-02-24T02:52:46.590891+00:00,,,V-drive,,,,,,,
Y,oib-115970,2025 SUPRA SL 450,Boat,available,199999,"$199,999",2025,Supra,SL,22,0,INDMAR 6.2 RAPTOR 450,,,"CORNELIUS , North Carolina, 28031","2025 Supra SL450: Redefining Elegance and Power on the Waters Embark on a Journey of Unmatched Performance and Sophistication The 2025 Supra SL450 emerges as a beacon of luxury and high performance in the boating world. This 23-foot vessel is a masterpiece, meticulously crafted for those who refuse to settle for anything less than extraordinary. Merging top-tier technology with unparalleled design, the Supra SL450 is in a league of its own. Key Features of the Supra SL450 Sleek and Sophisticated Design: The Supra SL450 is a marvel of modern engineering, boasting an aerodynamic and visually stunning profile. Its refined aesthetics ensure it stands out as a symbol of prestige on any waterway. Exceptional Performance: Powered by a robust 410-horsepower engine, the SL450 is built for exhilarating speed and responsive handling. The advanced hull design provides stability and smoothness, offering a seamless experience even in varied water conditions. State-of-the-Art Wake Technology: With cutting-edge wake and surf systems, the SL450 caters to all levels of watersports enthusiasts. Customizable wave settings allow for a tailored wakeboarding or surfing experience, ensuring every adventure is unique. Opulent Interior: Step into luxury with the SL450's plush interior, where comfort meets elegance. High-quality materials and spacious seating create an inviting environment for relaxation and entertainment. Advanced Control System: The helm is equipped with a sophisticated touchscreen interface, offering intuitive control over the boat’s navigation, systems, and entertainment features. It's a perfect blend of technology and convenience. Versatile and Spacious: The SL450 is not just a powerhouse; it's also a social hub, comfortably accommodating up to 17 passengers. It's versatile enough for tranquil cruises and lively watersport activities. Why Choose the 2025 Supra SL450? The Supra SL450 is more than a boat; it's an experience. It appeals to those who desire the finest in maritime luxury, technology, and performance. Whether you're an avid watersports enthusiast or seeking a vessel for leisure and elegance, the SL450 is your definitive choice. Ready to Make Waves? Experience the thrill of the 2025 Supra SL450. Whether you're an avid wakeboarder or just love being on the water, the Supra SL450 is your ticket to adventure. Don't take our word for it - Call us today to schedule an on the water demo and experience the Supra SL's power and performance firsthand! financing and delivery available!! Lake Norman, Lake Wylie, Badin, High Rock, Keowee, Hartwell, James, Mtn Island, discount, Indmar, Tillery, Surf, Watersports, wakeboard, georgia, tennessee, south carolina",https://onlyinboards.com/getmedia/f20dc9e3-591e-4d2b-b2f4-41ee1be41841/2025-supra-sa-115970-image0.webp,"https://onlyinboards.com/getmedia/f20dc9e3-591e-4d2b-b2f4-41ee1be41841/2025-supra-sa-115970-image0.webp,https://onlyinboards.com/getmedia/e0013d93-998c-4280-994f-62f5f15cb189/2025-supra-sa-115970-image1.webp,https://onlyinboards.com/getmedia/48382509-2272-41af-812f-e8c2b8b740ab/2025-supra-sa-115970-image2.webp,https://onlyinboards.com/getmedia/6de21fb5-458c-44cb-bb84-565367e298eb/2025-supra-sa-115970-image3.webp,https://onlyinboards.com/getmedia/585e76de-435f-46aa-906c-4b63f5975582/2025-supra-sa-115970-image4.webp,https://onlyinboards.com/getmedia/ab8b95f6-e204-4c97-8201-a213c96c8db7/2025-supra-sa-115970-image5.webp,https://onlyinboards.com/getmedia/1dc1645e-a7ab-4ad7-a7e8-59d06dc8e7a7/2025-supra-sa-115970-image6.webp,https://onlyinboards.com/getmedia/81d1d2f7-99e4-4bd2-85d5-e472d414e641/2025-supra-sa-115970-image7.webp,https://onlyinboards.com/getmedia/dc738e69-72a3-4b8b-9121-8893363f4027/2025-supra-sa-115970-image8.webp,https://onlyinboards.com/getmedia/2e45becd-b003-43b9-bafe-6de6596931ff/2025-supra-sa-115970-image9.webp,https://onlyinboards.com/getmedia/cb985ec8-debf-47ad-a5ff-7acfb16649e5/2025-supra-sa-115970-image10.webp,https://onlyinboards.com/getmedia/6c441e7e-10d3-4f1d-b332-1645930c9476/2025-supra-sa-115970-image11.webp,https://onlyinboards.com/getmedia/4a30dd07-f721-4b0b-9bb9-f4552745db6b/2025-supra-sa-115970-image12.webp,https://onlyinboards.com/getmedia/5d4fedaf-4efa-4b99-ac76-762474c5d809/2025-supra-sa-115970-image13.webp,https://onlyinboards.com/getmedia/f2f28f44-7742-4f0e-82ed-d794d09fae9d/2025-supra-sa-115970-image14.webp,https://onlyinboards.com/getmedia/97aa55a7-2c7a-4875-a6af-f595c2f0332b/2025-supra-sa-115970-image15.webp",704.957.0900,info@boatdudedeals.com,2026-02-24T02:52:47.166099+00:00,,,V-drive,,,,,,,
Y,oib-120247,2020 MOOMBA MOJO WITH 85 HRS,Boat,available,79999,"$79,999",2020,Moomba,Mojo,23,85,INDMAR 6.2 RAPTOR 400,,,"CORNELIUS , North Carolina, 28031","Like new 2020 Moomba Mojo (ME). Only 85 hours. Dry dock is stored with regular maintenance. Lots of upgrades. This boat is sleek and ready to enjoy. No Trailer. The 2020 Moomba Mojo is a 23-foot wakeboat designed for high-performance wakeboarding and wakesurfing, featuring a powerful engine, a large ballast system, and crew amenities, including AutoWake and a Flow Surf system. With a hull designed to handle tons of ballast, the Mojo™ sets a massive stage for riders who want to go big. Go Mojo and get a sleek design and a proven ride every time you hit the water. With modern conveniences like a wireless phone charging pad and LED accent lighting throughout, it’s no mistake that the Mojo is always a contender. Wetsounds stereo package Triton racks heater with extendable arms GatorStep flooring and deck GPS Depth Finder custom boat and speaker cover ...and many more. Measurements Dimensions Nominal Length: 23ft Length Overall: 25ft Beam: 8.5ft Tanks Fuel Tanks:1 × 49gal Propulsion Engine Make: Indmar Engine Model: Raptor 6.2L Total Power: 350hp Engine Hours: 85 Engine Type:inboard Fuel Type:gasoline More Details Financing and delivery available!! Lake Norman, Lake Wylie, Badin, High Rock, Keowee, Hartwell, James, Mtn Island, discount, Indmar, Tillery, Surf, Watersports, wakeboard, georgia, tennessee, south carolina Accommodations Premium A3 bimini surf tower with Triton Wake/Surf racks Preminum Wetsounds sound system W/ 10"" Revo Speakers Mechanical Equipment AutoWake w/ MultiSensor Tech Flow 2 Surf system w/ G6 Ballast System Navigation Systems GPS Cruise w/ display ZeroOff Cruise Depth finder Additional Equipment Dual battery set-up w/ charger Heater PTM extended mirror and bracket GatorStep Deck and flooring Custom Cover Safety Equipment",https://onlyinboards.com/getmedia/90a5db63-6da1-46a5-bc81-9338aa9b3d9a/2020-moomba-mojo-120247-image0.webp,"https://onlyinboards.com/getmedia/90a5db63-6da1-46a5-bc81-9338aa9b3d9a/2020-moomba-mojo-120247-image0.webp,https://onlyinboards.com/getmedia/27c570d0-eaf3-4b01-853a-b8e6537d2fb4/2020-moomba-mojo-120247-image1.webp,https://onlyinboards.com/getmedia/fd5438da-e469-4b5b-96ce-f7cf7a68e7d9/2020-moomba-mojo-120247-image2.webp,https://onlyinboards.com/getmedia/789dd0a1-026b-4f94-be08-f1563311d8f5/2020-moomba-mojo-120247-image3.webp,https://onlyinboards.com/getmedia/27455583-33b5-4154-bb6a-1549d4efffbe/2020-moomba-mojo-120247-image4.webp,https://onlyinboards.com/getmedia/49f36293-9679-4f24-be5a-89868bbccb40/2020-moomba-mojo-120247-image5.webp,https://onlyinboards.com/getmedia/4232f78f-442a-4c2a-8f70-2d07b1cb2493/2020-moomba-mojo-120247-image6.webp,https://onlyinboards.com/getmedia/4da7e38f-9232-4ed9-9bee-f12a8646e8f5/2020-moomba-mojo-120247-image7.webp,https://onlyinboards.com/getmedia/d3f497ad-4a16-4724-903f-5f702bcb3df1/2020-moomba-mojo-120247-image8.webp,https://onlyinboards.com/getmedia/cdaf9edb-3922-404e-a2cf-9482a119953b/2020-moomba-mojo-120247-image9.webp,https://onlyinboards.com/getmedia/9b5d8cde-b155-465b-9977-ddc28587d449/2020-moomba-mojo-120247-image10.webp,https://onlyinboards.com/getmedia/62f8f5e4-4727-4dc0-89c9-2d0d385b9f1d/2020-moomba-mojo-120247-image11.webp,https://onlyinboards.com/getmedia/cc4d0399-db79-45de-9e28-2f698c72fe8e/2020-moomba-mojo-120247-image12.webp,https://onlyinboards.com/getmedia/7523c1d9-db19-414f-999b-1dbc250a53b7/2020-moomba-mojo-120247-image13.webp,https://onlyinboards.com/getmedia/2f85da76-6e0e-453d-bde6-d91292ec1680/2020-moomba-mojo-120247-image14.webp,https://onlyinboards.com/getmedia/2578f51a-7c14-427e-add5-33a853e5fdd0/2020-moomba-mojo-120247-image15.webp,https://onlyinboards.com/getmedia/f5a64a56-2fd6-47e5-9932-6e7a87e33857/2020-moomba-mojo-120247-image16.webp,https://onlyinboards.com/getmedia/af07a2a4-cfd5-4b9d-8675-00a17c7a55cb/2020-moomba-mojo-120247-image17.webp,https://onlyinboards.com/getmedia/22ae7aa6-bad3-40fe-8e9d-2d5dcaa81d06/2020-moomba-mojo-120247-image18.webp,https://onlyinboards.com/getmedia/df0003e9-08f5-4304-9cbd-b81065a2cab1/2020-moomba-mojo-120247-image19.webp",704.957.0900,info@boatdudedeals.com,2026-02-24T02:52:47.737538+00:00,,,V-drive,,,,,,,
Y,oib-120407,CLEAN LIKE NEW 2024 MOOMBA MAX,Boat,available,91999,"$91,999",2024,Moomba,MAX,21,217,INDMAR 6.2 RAPTOR 400,,,"CORNELIUS , North Carolina, 28031","MOOMBA MAX CLEAN LIKE NEW MAX WITH 217 HRS $91,999 OBO The 2025 Moomba Max brings modern wake performance and family-focused design together in one bold 22-foot package. Built for riders who want space, power, and waves that can be fine-tuned to any style, the Max delivers an experience that feels confident and natural from the first throttle forward. Its wide 8.5-foot beam creates an open layout that keeps sixteen friends comfortable and ready for action, whether you’re setting up for a wakesurf session or enjoying an evening cruise on Lake Norman. From bow to transom, every inch of this boat is designed to make time on the water easier, more enjoyable, and undeniably fun. Under the engine hatch, Moomba’s trusted power partnership with Indmar continues to impress. The Raptor 400 6.2L V-drive pushes out 365 horsepower, designed not just for speed, but for the low-end torque wakeboarding demands. The engine’s smooth, responsive setup pairs perfectly with Moomba’s integrated surf systems, allowing riders to customize wave size and shape with precision. Whether you’re an experienced rider fine-tuning a wave face or setting up a gentle push for new surfers, the Max’s performance shines across all skill levels. Onboard, thoughtful details make it clear Moomba prioritized comfort and function. The spacious cockpit layout features deep seating, intuitive storage, and durable materials that stand up to full summer seasons. The helm feels intuitive, boasting clean instrumentation and easy access to surf presets and ballast management. Sound plays a huge role in setting the vibe, and with options for advanced audio upgrades, every playlist hits perfectly. Pull up to the cove, drop anchor, and the party transitions effortlessly from wake sessions to laid-back lounging. As one of SouthTown Watersports' flagship models in Charlotte, North Carolina, the 2025 Moomba Max blends local expertise with factory-tuned performance. Charlotte riders know these boats perform beautifully on area lakes, and the Max continues that tradition. Big in personality, serious in performance, and built with Moomba’s passion for summer fun, this boat makes every set on the water count. Priced at $91,999, the Max delivers a balance of size, power, and value that few can match in its class. Financing and delivery available!! Lake Norman, Lake Wylie, Badin, High Rock, Keowee, Hartwell, James, Mtn Island, discount, Indmar, Tillery, Surf, Watersports, wakeboard, georgia, tennessee, south carolina",https://onlyinboards.com/getmedia/d8d20695-4af6-47af-a372-8a2157bbb492/2024-moomba-max-120407-image0.webp,"https://onlyinboards.com/getmedia/d8d20695-4af6-47af-a372-8a2157bbb492/2024-moomba-max-120407-image0.webp,https://onlyinboards.com/getmedia/2ce44d2b-f1cd-4cb4-95bf-51026cb50530/2024-moomba-max-120407-image1.webp,https://onlyinboards.com/getmedia/101d4b38-bb74-4570-aa05-513c1a810f3c/2024-moomba-max-120407-image2.webp,https://onlyinboards.com/getmedia/b3894c24-db26-4bf8-a221-5bba38592444/2024-moomba-max-120407-image3.webp,https://onlyinboards.com/getmedia/9eadc16e-5582-42f4-a49b-66606c9bfbce/2024-moomba-max-120407-image4.webp,https://onlyinboards.com/getmedia/8759564e-f75a-426c-9031-11cb42dea5c1/2024-moomba-max-120407-image5.webp,https://onlyinboards.com/getmedia/51893203-4eed-4911-879c-57e48859d1ea/2024-moomba-max-120407-image6.webp,https://onlyinboards.com/getmedia/85f0b79d-7a6a-4b9e-babf-6fe943065012/2024-moomba-max-120407-image7.webp,https://onlyinboards.com/getmedia/1c7b08a2-5400-49da-8164-36e4b522111e/2024-moomba-max-120407-image8.webp,https://onlyinboards.com/getmedia/b264de74-822f-4fd9-a8a0-d3dee908c57c/2024-moomba-max-120407-image9.webp,https://onlyinboards.com/getmedia/83ef5d5a-8007-487d-b89e-67f31e48f812/2024-moomba-max-120407-image10.webp,https://onlyinboards.com/getmedia/f1d81038-3577-4b29-ba2e-e0c3ed578b44/2024-moomba-max-120407-image11.webp,https://onlyinboards.com/getmedia/aa0a0d81-8b55-48ac-8156-3a7bf922bd0a/2024-moomba-max-120407-image12.webp,https://onlyinboards.com/getmedia/9b3c661b-6aa2-4b97-95bc-13b900225616/2024-moomba-max-120407-image13.webp,https://onlyinboards.com/getmedia/e63e81db-1902-46e8-82a6-ab8e6834f5e2/2024-moomba-max-120407-image14.webp,https://onlyinboards.com/getmedia/59db6491-9dca-470c-a668-bf9da362d76c/2024-moomba-max-120407-image15.webp,https://onlyinboards.com/getmedia/50896bf7-ce26-4479-8d1a-537dbde847f3/2024-moomba-max-120407-image16.webp,https://onlyinboards.com/getmedia/0027c133-6c8d-4e09-b40d-d91e0a75ba29/2024-moomba-max-120407-image17.webp",704.957.0900,info@boatdudedeals.com,2026-02-24T02:52:48.303737+00:00,,,V-drive,,,,,,,
Y,oib-121726,2021 SUPRA SA 450 WITH 109 HRS LIKE NEW,Boat,available,117599,"$117,599",2021,Supra,SA,23,109,INDMAR 6.2 RAPTOR 450,,,"CORNELIUS , North Carolina, 28031","2021 SUPRA SA 450 WITH 109 HRS LIKE NEW SEE MORE BOAT https://onlyinboards.com/dealeruserprofile/the-boat-dude-80113 The 2021 Supra SA 450 stands at the heart of the modern wake scene, blending precise engineering with uncompromising comfort for riders who expect performance and refinement in equal measure. Stretching 22.5 feet with an 8.5-foot beam, this used SA 450 delivers room for up to sixteen people, offering a space built for connection—whether you’re teaching first-time surfers or pulling professional-caliber wakeboarders across glassy Carolina water. With only 109 hours on its Indmar Raptor 6.2L engine, this SA 450 remains in top condition, finely balanced for long days on Lake Norman, Mountain Island Lake, or anywhere your crew chases perfect wakes. At its core, the Raptor 6.2L V-drive produces 450 horsepower, giving this model its name and signature pull. It works seamlessly with Supra’s integrated surf and wake systems to sculpt adjustable, clean wakes for all skill levels. Riders can instantly tune their wave shape through intuitive touchscreen controls, while the powerful surf plates and precision ballast deliver factory-level performance right off the trailer. Even with a full crew, the SA 450 lifts smoothly onto plane and maintains consistent speed, so every set delivers the same perfect ride. Inside, Supra’s craftsmanship brings automotive-grade refinement to the lake. Premium upholstery, deep seating, and cleverly designed storage blend comfort and utility. The helm offers an ergonomically designed dash with Supra’s Vision Control system, delivering real-time information with a polished, high-tech feel. Every surface inside the boat feels thoughtfully designed for real-world use—from the non-slip flooring to the multi-zone JL Audio setup that fills the air with clean, powerful sound. This is a boat built to perform all day while keeping every passenger relaxed, engaged, and eager for one more run. For families and riders in and around Charlotte, North Carolina, SouthTown Watersports presents this SA 450 as a rare opportunity to own one of the most balanced performance boats on the market today. Known throughout the region for their deep expertise and strong after-sale support, SouthTown matches high-end boats with riders who understand what precision and reliability mean on the water. With the legendary Supra level of performance and a carefully used 109-hour engine, this 2021 SA 450 is ready for many seasons ahead of wakeboarding, surfing, and endless good days shared between friends and family. financing and delivery available!! Lake Norman, Lake Wylie, Badin, High Rock, Keowee, Hartwell, James, Mtn Island, discount, Indmar, Tillery, Surf, Watersports, wakeboard, georgia, tennessee, south carolina",https://onlyinboards.com/getmedia/3d7fd4e5-b220-4c9d-bec0-68d72ec6bdce/2021-supra-sa-121726-image0.webp,"https://onlyinboards.com/getmedia/3d7fd4e5-b220-4c9d-bec0-68d72ec6bdce/2021-supra-sa-121726-image0.webp,https://onlyinboards.com/getmedia/bbabe232-4bdc-4433-8e0f-169736dc1e53/2021-supra-sa-121726-image1.webp,https://onlyinboards.com/getmedia/9e5a4307-6608-4104-af0d-61ba4baecb85/2021-supra-sa-121726-image2.webp,https://onlyinboards.com/getmedia/9ff66de4-b14b-44c6-bd49-a7356ac4696a/2021-supra-sa-121726-image3.webp,https://onlyinboards.com/getmedia/9464cd0a-d1ef-4e94-853b-d96aa56b92f8/2021-supra-sa-121726-image4.webp,https://onlyinboards.com/getmedia/a20b2fae-f8d1-48ec-8a94-fa642b40cfa3/2021-supra-sa-121726-image5.webp,https://onlyinboards.com/getmedia/abf8a1de-e831-4da6-9944-8ac7bd941a58/2021-supra-sa-121726-image6.webp,https://onlyinboards.com/getmedia/447356e0-a7db-40c6-832f-dccb3377c494/2021-supra-sa-121726-image7.webp,https://onlyinboards.com/getmedia/7de2c4f2-a137-4124-a964-8ec1597971ba/2021-supra-sa-121726-image8.webp,https://onlyinboards.com/getmedia/249a8aa9-bdf1-40b4-a2ea-b5c82403a5c2/2021-supra-sa-121726-image9.webp,https://onlyinboards.com/getmedia/34945623-4c7b-40ca-bad0-849d653ca612/2021-supra-sa-121726-image10.webp,https://onlyinboards.com/getmedia/6d2e3b06-ad12-435e-a827-1781663595ae/2021-supra-sa-121726-image11.webp,https://onlyinboards.com/getmedia/c1855bec-f8bc-4a7d-a159-374bbf4e375f/2021-supra-sa-121726-image12.webp,https://onlyinboards.com/getmedia/e5697782-5e9e-45a8-a85b-1255589676f3/2021-supra-sa-121726-image13.webp,https://onlyinboards.com/getmedia/4910f72e-16d8-4c49-b08e-40b283088629/2021-supra-sa-121726-image14.webp,https://onlyinboards.com/getmedia/adb08429-4ef0-4be4-9081-a136d6c568eb/2021-supra-sa-121726-image15.webp,https://onlyinboards.com/getmedia/e630b6f7-a8be-4946-970d-8e1670202c24/2021-supra-sa-121726-image16.webp",704.957.0900,info@boatdudedeals.com,2026-02-24T02:52:48.893100+00:00,,,V-drive,,,,,,,
Y,oib-121738,LIKE NEW 2024 SUPRA SE 550 LOADED,Boat,available,189999,"$189,999",2024,Supra,SE,23,25,INDMAR Raptor 575 6.2L,,,"CORNELIUS , North Carolina, 28031","2024 SUPRA SE 550 LIKE NEW WITH 25 HRS https://onlyinboards.com/dealeruserprofile/the-boat-dude-80113 The 2024 Supra SE 550 is a large luxury wake boat featuring an Indmar 6.2L Ford Raptor 550 engine (510 HP), seating for up to 18 people, and extensive tech like the Vision Dash for controlling ballast (up to 10,000 lbs) and surf systems, plus standard DSD audio, adjustable seating, ample storage, and optional stern thrusters for precise handling. Key specs include a 24'6"" length, 102"" beam, 83-gallon fuel capacity, and advanced features like a rear-facing camera and deployable swim step for enhanced watersports performance. Engine & Performance Engine: Indmar 6.2L Ford Raptor 550 Horsepower: 510 hp Ballast: Up to 10,000 lbs (subfloor tanks) Max Capacity: 18 people Dimensions & Weight Length (LOA): 24'6"" (7.47m) Beam: 102"" (8'6"") Max Draft: ~28"" (2'4"") Dry Weight: ~6,800 lbs (varies slightly by source) Fuel Capacity: 83 gallons Key Features Vision Dash: Dual touchscreen control for boat functions, rider profiles, and audio. DSD Audio: Patented system with tower speakers and subwoofers. Stern Thrusters: Optional dual thrusters for easy maneuvering. Flip-Up Transom Seats: Rear-facing lounge with cup holders. Swivel Board Racks: Standard on the tower. Camera System: Rear-facing camera at the transom and tower camera. Comfort: Heated, power-adjustable captain's & passenger seats, wireless charging, USB ports, coolers. Deployable Swim Step: Button-controlled for easy water access. financing and delivery available!! Lake Norman, Lake Wylie, Badin, High Rock, Keowee, Hartwell, James, Mtn Island, discount, Indmar, Tillery, Surf, Watersports, wakeboard, georgia, tennessee, south carolina",https://onlyinboards.com/getmedia/e59516a5-a22c-482c-844b-e0e8c8f9057a/2024-supra-se-121738-image0.webp,"https://onlyinboards.com/getmedia/e59516a5-a22c-482c-844b-e0e8c8f9057a/2024-supra-se-121738-image0.webp,https://onlyinboards.com/getmedia/c805c581-42ff-4d99-ba73-e949f718ea24/2024-supra-se-121738-image1.webp,https://onlyinboards.com/getmedia/33169440-632c-4cfd-853e-c6d3019af286/2024-supra-se-121738-image2.webp,https://onlyinboards.com/getmedia/a87b8cad-7144-49a2-9c4a-60ad739c1cbd/2024-supra-se-121738-image3.webp,https://onlyinboards.com/getmedia/bf282f4b-a4c0-4164-b1a6-d95c65d4a2b7/2024-supra-se-121738-image4.webp,https://onlyinboards.com/getmedia/9a0841d4-6790-4c7b-be29-e78b6c134e4e/2024-supra-se-121738-image5.webp,https://onlyinboards.com/getmedia/31b60021-34d7-4362-9635-805ca3891f86/2024-supra-se-121738-image6.webp,https://onlyinboards.com/getmedia/eaed32bf-130f-4e8c-9656-62eb81198d5d/2024-supra-se-121738-image7.webp,https://onlyinboards.com/getmedia/f0fb5479-bbdc-463f-b57c-82469757432c/2024-supra-se-121738-image8.webp,https://onlyinboards.com/getmedia/a4c08190-ef93-41c4-a84b-db396324094e/2024-supra-se-121738-image9.webp,https://onlyinboards.com/getmedia/fb1a1727-bec4-4be1-9089-f0a7490517d2/2024-supra-se-121738-image10.webp,https://onlyinboards.com/getmedia/38905cc1-7281-43d7-a073-663167c7a87e/2024-supra-se-121738-image11.webp,https://onlyinboards.com/getmedia/2ec6ab28-ccb1-4877-b31a-e1c4bd2fa8e1/2024-supra-se-121738-image12.webp,https://onlyinboards.com/getmedia/0741dea9-f467-4ad7-a462-2ff6fbe8d81f/2024-supra-se-121738-image13.webp,https://onlyinboards.com/getmedia/ed28985f-7685-457c-8449-ae67421da707/2024-supra-se-121738-image14.webp,https://onlyinboards.com/getmedia/7944c60f-c99b-41c1-847e-c60cb2f5ff7f/2024-supra-se-121738-image15.webp,https://onlyinboards.com/getmedia/25056a2f-a80b-4a68-806b-951189c1c8e7/2024-supra-se-121738-image16.webp",704.957.0900,info@boatdudedeals.com,2026-02-24T02:52:49.461761+00:00,,,V-drive,,,,,,,
Y,oib-121813,2019 MOOMBA MOJO,Boat,available,59999,"$59,999",2019,Moomba,Mojo,23,186,INDMAR 6.2 RAPTOR 400,,,"Mooresville, North Carolina, 28115","The 2019 Moomba Mojo brings performance-driven design, space, and value together for riders who want serious wakes without the heavy price tag. Stretching 23 feet in length with a beam of 8.5 feet, it’s built to handle big crews and even bigger sessions. Whether you’re chasing a clean wake for wakeboarding or a custom surf wave, the Mojo’s inboard 400 horsepower engine delivers the power and consistency needed to set up perfect conditions every time. Behind the wheel, drivers appreciate Moomba’s balanced handling and intuitive controls, letting you dial in speed, ballast, and wake shape easily. Designed for up to 16 passengers, the Mojo feels confident even when fully loaded with friends, gear, and ballast. At the dock or at full plane, the 2.3-foot draft keeps it versatile for a range of lake depths, which makes it a strong match for Charlotte-area boaters exploring Lake Norman or nearby North Carolina waterways. Inside, the Mojo stands out for its thought-through interior. There’s abundant seating, clever storage for all the boards and gear, and finishes that hold up to long weekends under the sun. The open bow and wraparound cockpit layout create plenty of social space while keeping the driver connected to all the action behind the boat. Every inch is tailored for group comfort, from the deep freeboard that provides extra security to the plush marine-grade materials. Sold through SouthTown Watersports in Charlotte, North Carolina, this 2019 Moomba Mojo embodies the kind of durable performance you expect from a purpose-built wakesport boat. It’s the go-to model for families and riders who want reliable power, great surf setups, and a roomy, easy-to-manage platform. For anyone looking to spend more time on the water building memories behind a wave, the Mojo remains one of Moomba’s most popular models—and for good reason. financing and delivery available!! Lake Norman, Lake Wylie, Badin, High Rock, Keowee, Hartwell, James, Mtn Island, discount, Indmar, Tillery, Surf, Watersports, wakeboard, Georgia, Tennessee, South Carolina",https://onlyinboards.com/getmedia/d319e654-e6ca-4813-a433-b87ffb3e9673/2019-moomba-mojo-121813-image0.webp,"https://onlyinboards.com/getmedia/d319e654-e6ca-4813-a433-b87ffb3e9673/2019-moomba-mojo-121813-image0.webp,https://onlyinboards.com/getmedia/f8137785-8e4c-4477-a9ce-acf45f93314d/2019-moomba-mojo-121813-image1.webp,https://onlyinboards.com/getmedia/746573a9-655b-4664-a2c4-ea99e627ef09/2019-moomba-mojo-121813-image2.webp,https://onlyinboards.com/getmedia/ea93fdd1-9477-4e4e-ba08-4e85145dde2a/2019-moomba-mojo-121813-image3.webp,https://onlyinboards.com/getmedia/e6bb94e0-0a1e-492b-9be0-5dba1825e9c6/2019-moomba-mojo-121813-image4.webp,https://onlyinboards.com/getmedia/217bac6e-2700-4488-87f1-f7714cf40c85/2019-moomba-mojo-121813-image5.webp,https://onlyinboards.com/getmedia/8aaaeba7-c2bd-40ae-9a5a-d99d727feac5/2019-moomba-mojo-121813-image6.webp,https://onlyinboards.com/getmedia/f0997cb1-30df-4348-85a3-d47617cd6aa5/2019-moomba-mojo-121813-image7.webp,https://onlyinboards.com/getmedia/ab1457b6-4cde-4ce3-a6d9-82974ee7dc96/2019-moomba-mojo-121813-image8.webp",704.957.0900,info@boatdudedeals.com,2026-02-24T02:52:50.034773+00:00,,,V-drive,,,,,,,
Y,oib-122115,2020 MOOMBA MOJO WITH 315 HRS,Boat,available,72999,"$72,999",2020,Moomba,Mojo,23,315,INDMAR 6.2 RAPTOR 400,,,"CORNELIUS , North Carolina, 28031","2020 Moomba Mojo 6.2L Raptor 400 Wetsounds Upgraded Audio w/ sub Trailer Included Full Boat Cover w/ Platform Cover Upgraded Strapless Triton Board Racks 315 hours 1 owner Just serviced, Well maintained has all service records and all work performed through SouthTown Watersports at correct intervals Everything works perfectly, fully inspected and ready to hit the water!!! financing and delivery available!! Lake Norman, Lake Wylie, Badin, High Rock, Keowee, Hartwell, James, Mtn Island, discount, Indmar, Tillery, Surf, Watersports, wakeboard, Georgia, Tennessee, South Carolina",https://onlyinboards.com/getmedia/0fbc8bc0-0ab7-49b9-b17d-71501bb67e2c/2020-moomba-mojo-122115-image0.webp,"https://onlyinboards.com/getmedia/0fbc8bc0-0ab7-49b9-b17d-71501bb67e2c/2020-moomba-mojo-122115-image0.webp,https://onlyinboards.com/getmedia/1ecd0628-b968-4e26-8a0d-acdd3707ca56/2020-moomba-mojo-122115-image1.webp,https://onlyinboards.com/getmedia/73a0b580-1794-45e7-9b58-82adfd45e8a1/2020-moomba-mojo-122115-image2.webp,https://onlyinboards.com/getmedia/f4049026-0ada-42b4-95c3-5fc715d08837/2020-moomba-mojo-122115-image3.webp,https://onlyinboards.com/getmedia/f6a57f52-7ac4-4c86-93ae-16171f997ae4/2020-moomba-mojo-122115-image4.webp,https://onlyinboards.com/getmedia/0f1ece37-b2d2-4cc8-863a-0cb246a249fa/2020-moomba-mojo-122115-image5.webp,https://onlyinboards.com/getmedia/4bc73330-5188-43eb-8607-370a21d8a823/2020-moomba-mojo-122115-image6.webp,https://onlyinboards.com/getmedia/7e7485f4-a210-41f9-9300-a7e0b59a9f2b/2020-moomba-mojo-122115-image7.webp,https://onlyinboards.com/getmedia/80bcfb66-de77-4091-80d2-a3148ceb6641/2020-moomba-mojo-122115-image8.webp,https://onlyinboards.com/getmedia/b85b8358-d982-48de-8b1c-4d82eba11d90/2020-moomba-mojo-122115-image9.webp,https://onlyinboards.com/getmedia/00cbcb70-dfb4-4d1c-a267-600002c120e9/2020-moomba-mojo-122115-image10.webp,https://onlyinboards.com/getmedia/a4997f4a-6f37-4b33-b4cd-c749b189deb4/2020-moomba-mojo-122115-image11.webp,https://onlyinboards.com/getmedia/9fd09dfe-7785-4fe6-822b-282b990bf170/2020-moomba-mojo-122115-image12.webp,https://onlyinboards.com/getmedia/5f30f43b-f20a-4795-857b-f572cc65ccb5/2020-moomba-mojo-122115-image13.webp,https://onlyinboards.com/getmedia/09fe2641-c250-4a34-8f78-e40f9296d841/2020-moomba-mojo-122115-image14.webp,https://onlyinboards.com/getmedia/a97c2f2c-24dd-4bec-83d4-d8e513329bba/2020-moomba-mojo-122115-image15.webp,https://onlyinboards.com/getmedia/3c3d0c66-4ea5-4b9a-9bdf-bcd4f7c8c53e/2020-moomba-mojo-122115-image16.webp,https://onlyinboards.com/getmedia/f518f9e0-e092-4665-bf5e-a4aab3828860/2020-moomba-mojo-122115-image17.webp,https://onlyinboards.com/getmedia/3ac7bec6-8d4d-4497-8908-ad162fff67ee/2020-moomba-mojo-122115-image18.webp,https://onlyinboards.com/getmedia/d463e3fd-dd78-445d-b6c3-f4e567769e64/2020-moomba-mojo-122115-image19.webp",704.957.0900,info@boatdudedeals.com,2026-02-24T02:52:50.600510+00:00,,,V-drive,,,,,,,
Y,oib-122380,2021 CENTURION RI 265 BEST PRICE IN THE COUNTRY,Boat,available,139999,"$139,999",2021,Centurion,Ri265,26,825,PCM ZZ6 6.2,,,"CORNELIUS , North Carolina, 28031","2021 Centurion, RI 265 with 825 Hrs $139,999 TAKING ALL OFFERS Super clean, well-maintained, all the services are always done. A new interior was put in last year at the factory. Amazing, Boat Best deal in the country. Do you have any questions? Please message me back at this price, the boat will not last long. financing and delivery available!! Lake Norman, Lake Wylie, Badin, High Rock, Keowee, Hartwell, James, Mtn Island, discount, Indmar, Tillery, Surf, Watersports, wakeboard, Georgia, Tennessee, South Carolina Malibu Wakesetter 20 VTX 21 VLX 22 VLX 23 LSV 25 LSV 22 MXZ 24 MXZ Mastercraft Master Craft Ski Nautique Super Air Moomba Supra Wakeboard Wake Board Surf Wakesurf Wake Surf Bayliner, Glastron, Reinell, Four Winns, Campion, Crownline, Sea Ray, Sea Doo, Yamaha, Larson, Blue Water, Caravelle, Rinker, Monterey, Chaparral, Maxum, Regal, Starcraft, Stingray, Malibu, Tige, Centurion, Nautique, Mastercraft, Supreme, Supra, Moomba, Avalon, Palm Beach, Premier, Sedona, Smockercraft, Alumacraft, Crestliner, Lund, Skeeter, Tracker, Tahoe, Ranger, Yamaha, Mercury, Evinrude, Honda, Suzuki, Fishing, surf boat, openbow, ski boats, cuddy, tubing, wakeboard boat, fish and ski, runabout, Walleye multi species, inboard outboard, I/O, Stern drive, V-Drive, outboard",https://onlyinboards.com/getmedia/1c4eeb31-ee64-483b-b3e8-b02fbc9b6e0c/2021-centurion-ri265-122380-image0.webp,"https://onlyinboards.com/getmedia/1c4eeb31-ee64-483b-b3e8-b02fbc9b6e0c/2021-centurion-ri265-122380-image0.webp,https://onlyinboards.com/getmedia/83bd1662-0037-4557-8b4a-7ab1365f08ea/2021-centurion-ri265-122380-image1.webp,https://onlyinboards.com/getmedia/ca555704-c6c9-459e-b7fe-a35a7ebb8672/2021-centurion-ri265-122380-image4.webp,https://onlyinboards.com/getmedia/e9a6f860-ed2b-42b7-8ebd-b291c3ab773b/2021-centurion-ri265-122380-image5.webp,https://onlyinboards.com/getmedia/b1ec5425-6458-4764-9b0a-26a5c1d79cd3/2021-centurion-ri265-122380-image6.webp,https://onlyinboards.com/getmedia/f8b73a62-88af-4cd9-adaa-f730b1dbde02/2021-centurion-ri265-122380-image7.webp,https://onlyinboards.com/getmedia/56ffd263-7bce-437a-ac69-a5f54b2f9d76/2021-centurion-ri265-122380-image8.webp",704.957.0900,info@boatdudedeals.com,2026-02-24T02:52:51.173469+00:00,,,V-drive,,,,,,,
Y,oib-122405,Supra SL 450 2024 DEMO new,Boat,available,174999,"$174,999",2024,Supra,SL,24,282,INDMAR 6.2 RAPTOR 450,,,"CORNELIUS , North Carolina, 28031","The 2024 Supra SL 450 delivers serious wake and surf performance wrapped in refined comfort and precise control. Designed for those who demand both raw capability and premium styling, this 24’5” powerhouse brings together Supra’s proven craftsmanship and hi-tech performance DNA. Under the transom sits a 6.2L Indmar Raptor V-drive engine generating 450 horsepower—plenty of muscle to shape custom wakes for every level of rider. Even at full ballast and with a full crew onboard, the SL 450 holds its line confidently and responds instantly to throttle input, ensuring smooth pull after smooth pull. Inside, Supra focused on functional luxury. Plush bolstered seating, cavernous in-floor storage, premium audio, and intuitive touchscreen helm controls create a driver and passenger experience that feels just as advanced as the waves behind the boat. The SL’s interior layout is engineered for social flow, with convertible rear seating, transom step access, and thoughtful finishing details from bow to stern. It’s a layout that keeps every ride organized and every passenger comfortable, whether you’re loading riders for a full day or winding down at sunset. On the water, Supra’s Swell Surf System and Smart Plate combine with dual surf tabs and massive subfloor ballast to produce long, customizable surf waves on both sides. Riders can tweak wave length, push, and transition through Supra’s Vision Control interface, allowing each crew member to dial in their perfect setup. The SL’s precision tracking and hull design make it equally smooth in chop or glassy morning sessions, while Its AutoWake system automatically adjusts ballast and pitch to maintain ideal wave consistency all day long. This 2024 SL 450 is offered by SouthTown Watersports in Charlotte, North Carolina—one of the most respected Supra dealers in the Southeast. Surrounded by some of the best inland lakes in the region, including Lake Norman and Mountain Island Lake, SouthTown’s team knows how to pair owners with boats built for authentic riding conditions. Experience the craftsmanship, efficiency, and surf wave control that have made Supra a trusted name in the inboard world. With cutting-edge tech, bold styling, and power that commands attention, the SL 450 is built to perform at the highest level every weekend you drop the throttle. southtown-watersports-logo Menu Full Desctiption 2024 Supra SL 450 Overview The 2024 Supra SL 450 stands at the forefront of wake and surf performance with a design that blends athletic power and refined comfort. Supra’s SL model has long been recognized for its balanced handling and commanding wakes, and the 2024 edition takes that foundation even further. With its 24’5” length, deep freeboard, and aggressive lines, the SL commands presence both on the trailer and in the water. Styled with precision and engineered for functionality, every contour of the hull serves a purpose: to shape the cleanest, most powerful wakes in the Supra lineup. Powered by Indmar’s Raptor 6.2L engine, the SL 450 delivers an assertive 450 horsepower through a V-drive configuration. Torque builds effortlessly for strong hole shots, and when fully ballasted, the SL retains its composure no matter the load. Indmar’s advanced cooling and performance systems also provide consistent reliability season after season, giving owners confidence to push their sessions without hesitation. Performance and Handling The combination of AutoWake, Smart Plate, Swell Surf, and Supra Launch Systems makes this boat a precision machine for both seasoned riders and families looking to progress. AutoWake uses onboard sensors to monitor pitch and roll, automatically adjusting the ballast to maintain the ideal wake shape—not just initially, but continuously throughout the ride. The Swell Surf System allows instant switching from left to right surf sides, while the Smart Plate refines both wave length and steepness. When cruising across Lake Norman or other Carolina waterways, the SL glides with impressive smoothness. Supra’s performance hull efficiently cuts through chop, maintaining comfort and quietness inside. Drivers appreciate the responsiveness of the steering and throttle, as the SL feels nimble despite its 24-foot length. Interior and Design Inside the SL 450, luxury meets durability. The wraparound lounge transitions seamlessly between lounging and setup for social time at anchor. Convertible seating enables quick reconfiguration for spotters or relaxed companions. The high-back helm chair gives the driver elevated visibility, and Supra’s Vision Control dashboard integrates all key functions—ballast, navigation, lighting, and surf settings—into an easy-to-read, glove-friendly touchscreen. Premium interior materials like Chill Tech vinyl stay cool under the sun while resisting stains and moisture. Deep storage compartments handle boards, ropes, and gear, while details such as stainless-steel accents, RGB lighting, and a premium audio system with multiple zones create an",https://onlyinboards.com/getmedia/70a14089-b3f0-440b-a3a5-4b18fa0cca8b/2024-supra-sl-122405-image0.webp,"https://onlyinboards.com/getmedia/70a14089-b3f0-440b-a3a5-4b18fa0cca8b/2024-supra-sl-122405-image0.webp,https://onlyinboards.com/getmedia/d3a304ef-9596-4f2e-934f-f3d291c7153b/2024-supra-sl-122405-image1.webp,https://onlyinboards.com/getmedia/bcda71c0-2555-4656-bb04-238d44deedea/2024-supra-sl-122405-image2.webp,https://onlyinboards.com/getmedia/8ab07398-c0c7-49ea-9049-8225a8a7f993/2024-supra-sl-122405-image3.webp,https://onlyinboards.com/getmedia/f647d80a-b97c-41d2-b90e-0a94186963ce/2024-supra-sl-122405-image4.webp,https://onlyinboards.com/getmedia/cfd7a465-c1ab-447c-a52c-60c1326a5607/2024-supra-sl-122405-image5.webp,https://onlyinboards.com/getmedia/177be4e6-268a-4e65-a05f-c8198596d763/2024-supra-sl-122405-image6.webp,https://onlyinboards.com/getmedia/7ec2a348-a107-482a-b765-166bb3a24e14/2024-supra-sl-122405-image7.webp,https://onlyinboards.com/getmedia/d1934dbd-3dba-4be8-973a-184efd0cce42/2024-supra-sl-122405-image8.webp,https://onlyinboards.com/getmedia/cc62f1bb-53ef-4cab-a8ca-08c49a88499b/2024-supra-sl-122405-image9.webp,https://onlyinboards.com/getmedia/0800c6da-7d1f-404f-bba4-9b5b3f793cd2/2024-supra-sl-122405-image10.webp,https://onlyinboards.com/getmedia/f2ea7d1d-445d-43f2-9fb1-21fd06479daf/2024-supra-sl-122405-image11.webp,https://onlyinboards.com/getmedia/26ada2bc-39af-4605-bd08-f3f38626f9c5/2024-supra-sl-122405-image12.webp,https://onlyinboards.com/getmedia/12338f7e-2211-43bd-a115-8d5db68d8c78/2024-supra-sl-122405-image13.webp,https://onlyinboards.com/getmedia/3672de5c-4ce5-4201-b037-1c80c382a58f/2024-supra-sl-122405-image14.webp,https://onlyinboards.com/getmedia/069771e5-cfb6-42f4-b5cb-b58823f57c04/2024-supra-sl-122405-image15.webp",704.957.0900,info@boatdudedeals.com,2026-02-24T02:52:51.761158+00:00,,,V-drive,,,,,,,
