boat_id,photo_id,photo_url,photo_alt,photo_order,is_primary,photo_type,photo_notes
oib-111078,oib-111078-01,https://onlyinboards.com/getmedia/c8a87a99-611f-4f81-8e40-30bb088f6f81/2021-mastercraft-x-star-111078-image0.webp,2021 MASTERCRAFT X STAR,1,true,exterior,
oib-111078,oib-111078-02,https://onlyinboards.com/getmedia/e2338228-0c79-43f7-8a42-d72d99d78cf3/2021-mastercraft-x-star-111078-image1.webp,2021 MASTERCRAFT X STAR,2,false,exterior,
oib-111078,oib-111078-03,https://onlyinboards.com/getmedia/9fb1fd75-da8a-444d-98c5-c085bda3beeb/2021-mastercraft-x-star-111078-image2.webp,2021 MASTERCRAFT X STAR,3,false,exterior,
oib-111078,oib-111078-04,https://onlyinboards.com/getmedia/27bfed79-d123-4f24-adf2-357faa0ca0b5/2021-mastercraft-x-star-111078-image3.webp,2021 MASTERCRAFT X STAR,4,false,exterior,
oib-111078,oib-111078-05,https://onlyinboards.com/getmedia/e61a377c-cef9-4492-ae76-24f0863e8b14/2021-mastercraft-x-star-111078-image4.webp,2021 MASTERCRAFT X STAR,5,false,exterior,
oib-111078,oib-111078-06,https://onlyinboards.com/getmedia/d43eab00-06cf-481f-bfbb-82dfcf6f2f35/2021-mastercraft-x-star-111078-image5.webp,2021 MASTERCRAFT X STAR,6,false,exterior,
oib-111078,oib-111078-07,https://onlyinboards.com/getmedia/26d4bd4f-5cfc-41fc-8c83-9c0b8e1e45af/2021-mastercraft-x-star-111078-image6.webp,2021 MASTERCRAFT X STAR,7,false,exterior,
oib-111078,oib-111078-08,https://onlyinboards.com/getmedia/fcade76b-9a41-4fcc-8d45-49d1c4146c76/2021-mastercraft-x-star-111078-image7.webp,2021 MASTERCRAFT X STAR,8,false,exterior,
oib-111078,oib-111078-09,https://onlyinboards.com/getmedia/96e6415c-3955-4332-97f1-3534808ab838/2021-mastercraft-x-star-111078-image8.webp,2021 MASTERCRAFT X STAR,9,false,exterior,
oib-111078,oib-111078-10,https://onlyinboards.com/getmedia/05909fad-f1bd-43d8-b4bd-aecfdbf3b17e/2021-mastercraft-x-star-111078-image9.webp,2021 MASTERCRAFT X STAR,10,false,exterior,
oib-111096,oib-111096-01,https://onlyinboards.com/getmedia/c131f74e-a57f-4fbe-a8b5-817045f1d213/2025-supra-se-111096-image0.webp,New Supra SE 450 2025 – Spearmint / Pure White,1,true,exterior,
oib-111096,oib-111096-02,https://onlyinboards.com/getmedia/70d52f13-98ad-47e1-8286-a095976dc440/2025-supra-se-111096-image1.webp,New Supra SE 450 2025 – Spearmint / Pure White,2,false,exterior,
oib-111096,oib-111096-03,https://onlyinboards.com/getmedia/82714e28-fd7d-4c54-af11-717af2f916bd/2025-supra-se-111096-image2.webp,New Supra SE 450 2025 – Spearmint / Pure White,3,false,exterior,
oib-111096,oib-111096-04,https://onlyinboards.com/getmedia/0f687416-1713-451d-ade3-eb917f1b8c33/2025-supra-se-111096-image3.webp,New Supra SE 450 2025 – Spearmint / Pure White,4,false,exterior,
oib-111096,oib-111096-05,https://onlyinboards.com/getmedia/1a279b61-9a51-4902-a233-4ca5608c68a8/2025-supra-se-111096-image4.webp,New Supra SE 450 2025 – Spearmint / Pure White,5,false,exterior,
oib-111096,oib-111096-06,https://onlyinboards.com/getmedia/60ed8a23-eaed-4470-aa2d-1e1398080e6d/2025-supra-se-111096-image5.webp,New Supra SE 450 2025 – Spearmint / Pure White,6,false,exterior,
oib-111096,oib-111096-07,https://onlyinboards.com/getmedia/827f0f0e-605c-46c3-a678-421c8502d8a4/2025-supra-se-111096-image6.webp,New Supra SE 450 2025 – Spearmint / Pure White,7,false,exterior,
oib-111096,oib-111096-08,https://onlyinboards.com/getmedia/0cc3bed9-8cbe-480b-95d8-c0088c8ee375/2025-supra-se-111096-image7.webp,New Supra SE 450 2025 – Spearmint / Pure White,8,false,exterior,
oib-111096,oib-111096-09,https://onlyinboards.com/getmedia/2b59c547-89be-4fbb-a415-9f0c70cbc38f/2025-supra-se-111096-image8.webp,New Supra SE 450 2025 – Spearmint / Pure White,9,false,exterior,
oib-111096,oib-111096-10,https://onlyinboards.com/getmedia/f22a4033-cc8a-4598-89aa-c1fc4d41892f/2025-supra-se-111096-image9.webp,New Supra SE 450 2025 – Spearmint / Pure White,10,false,exterior,
oib-111102,oib-111102-01,https://onlyinboards.com/getmedia/9da3f808-7111-40a1-865a-4cdd25a773cb/2017-heyday-wt-2-111102-image0.webp,2017 Heyday WT-2,1,true,exterior,
oib-111102,oib-111102-02,https://onlyinboards.com/getmedia/297249be-cb89-460c-acb5-2a421d9c8fb6/2017-heyday-wt-2-111102-image1.webp,2017 Heyday WT-2,2,false,exterior,
oib-111102,oib-111102-03,https://onlyinboards.com/getmedia/aee7283e-2cf1-48c2-8f6d-ae79a60eeaae/2017-heyday-wt-2-111102-image2.webp,2017 Heyday WT-2,3,false,exterior,
oib-111102,oib-111102-04,https://onlyinboards.com/getmedia/d2c457fc-aa0c-40e2-aa49-e1b9988e2d62/2017-heyday-wt-2-111102-image3.webp,2017 Heyday WT-2,4,false,exterior,
oib-111102,oib-111102-05,https://onlyinboards.com/getmedia/8c46a198-f544-4fd1-94fe-7577d0ea9036/2017-heyday-wt-2-111102-image4.webp,2017 Heyday WT-2,5,false,exterior,
oib-111107,oib-111107-01,https://onlyinboards.com/getmedia/73276562-fe2f-4f23-82d9-2875fc7f4c9b/2024-supra-sa-111107-image0.webp,New Supra SA550 2024 DEMO,1,true,exterior,
oib-111107,oib-111107-02,https://onlyinboards.com/getmedia/9dfc63cc-c27c-4e50-b4dc-e9d10bbc1100/2024-supra-sa-111107-image1.webp,New Supra SA550 2024 DEMO,2,false,exterior,
oib-111107,oib-111107-03,https://onlyinboards.com/getmedia/2cec9b7b-3458-4afc-9fe1-8ae0876d5a27/2024-supra-sa-111107-image2.webp,New Supra SA550 2024 DEMO,3,false,exterior,
oib-111107,oib-111107-04,https://onlyinboards.com/getmedia/89fb9a97-ff55-4474-8509-c2a327bd7145/2024-supra-sa-111107-image3.webp,New Supra SA550 2024 DEMO,4,false,exterior,
oib-111107,oib-111107-05,https://onlyinboards.com/getmedia/1340fd42-57a2-4e33-99e2-794b9a2066b3/2024-supra-sa-111107-image4.webp,New Supra SA550 2024 DEMO,5,false,exterior,
oib-111107,oib-111107-06,https://onlyinboards.com/getmedia/270ab181-fb21-4bf7-961c-66c014118657/2024-supra-sa-111107-image5.webp,New Supra SA550 2024 DEMO,6,false,exterior,
oib-111107,oib-111107-07,https://onlyinboards.com/getmedia/e70daf99-b7a6-4eb0-901a-f52531ab44af/2024-supra-sa-111107-image6.webp,New Supra SA550 2024 DEMO,7,false,exterior,
oib-111107,oib-111107-08,https://onlyinboards.com/getmedia/0ee80773-c649-47c4-8c56-60c5dea7039a/2024-supra-sa-111107-image7.webp,New Supra SA550 2024 DEMO,8,false,exterior,
oib-111107,oib-111107-09,https://onlyinboards.com/getmedia/3aef3bd5-fc50-4382-a1d7-7f7a4b2c1644/2024-supra-sa-111107-image8.webp,New Supra SA550 2024 DEMO,9,false,exterior,
oib-111107,oib-111107-10,https://onlyinboards.com/getmedia/7e8c2a7c-b144-4f0e-9390-db19f6949c81/2024-supra-sa-111107-image9.webp,New Supra SA550 2024 DEMO,10,false,exterior,
oib-111113,oib-111113-01,https://onlyinboards.com/getmedia/d6d3a3dd-b748-40d4-8ebf-c0b1a3ca3cca/2025-supra-sa-111113-image0.webp,DEMO Supra SA 400 2025 – Slate Blue / Light Graphite,1,true,exterior,
oib-111113,oib-111113-02,https://onlyinboards.com/getmedia/982a4c97-964f-4f4a-a8b8-6fbf579ca733/2025-supra-sa-111113-image1.webp,DEMO Supra SA 400 2025 – Slate Blue / Light Graphite,2,false,exterior,
oib-111113,oib-111113-03,https://onlyinboards.com/getmedia/a3c02bd4-6443-421d-a359-5e47cc2d437c/2025-supra-sa-111113-image2.webp,DEMO Supra SA 400 2025 – Slate Blue / Light Graphite,3,false,exterior,
oib-111113,oib-111113-04,https://onlyinboards.com/getmedia/4241224c-260c-4c6d-9e30-ef9defe13bcd/2025-supra-sa-111113-image3.webp,DEMO Supra SA 400 2025 – Slate Blue / Light Graphite,4,false,exterior,
oib-111113,oib-111113-05,https://onlyinboards.com/getmedia/3e3f29ac-47c5-4e12-9488-4ab80217c261/2025-supra-sa-111113-image4.webp,DEMO Supra SA 400 2025 – Slate Blue / Light Graphite,5,false,exterior,
oib-111113,oib-111113-06,https://onlyinboards.com/getmedia/f68cf91f-2155-45e7-bf45-ea49d2908d11/2025-supra-sa-111113-image5.webp,DEMO Supra SA 400 2025 – Slate Blue / Light Graphite,6,false,exterior,
oib-111113,oib-111113-07,https://onlyinboards.com/getmedia/a48ac3ef-3144-4cad-bb4e-0cfd869276c3/2025-supra-sa-111113-image6.webp,DEMO Supra SA 400 2025 – Slate Blue / Light Graphite,7,false,exterior,
oib-111113,oib-111113-08,https://onlyinboards.com/getmedia/1c1fbfe9-befe-474e-99ce-cdef79026e84/2025-supra-sa-111113-image7.webp,DEMO Supra SA 400 2025 – Slate Blue / Light Graphite,8,false,exterior,
oib-111113,oib-111113-09,https://onlyinboards.com/getmedia/691805c2-ef8e-468e-b960-df8dd1597d0d/2025-supra-sa-111113-image8.webp,DEMO Supra SA 400 2025 – Slate Blue / Light Graphite,9,false,exterior,
oib-111113,oib-111113-10,https://onlyinboards.com/getmedia/2371bc4e-ca05-450b-a931-b1532f68e277/2025-supra-sa-111113-image9.webp,DEMO Supra SA 400 2025 – Slate Blue / Light Graphite,10,false,exterior,
oib-111114,oib-111114-01,https://onlyinboards.com/getmedia/21c82c89-5948-4e58-bbb0-6433074fda3f/2025-supra-sl-111114-image0.webp,New Supra SL450 2025 – Light Graphite / Black,1,true,exterior,
oib-111114,oib-111114-02,https://onlyinboards.com/getmedia/f336ee68-e244-4704-ab31-815e90a69b49/2025-supra-sl-111114-image1.webp,New Supra SL450 2025 – Light Graphite / Black,2,false,exterior,
oib-111114,oib-111114-03,https://onlyinboards.com/getmedia/2688f21b-1feb-4892-8e71-036aab5ae4f8/2025-supra-sl-111114-image2.webp,New Supra SL450 2025 – Light Graphite / Black,3,false,exterior,
oib-111114,oib-111114-04,https://onlyinboards.com/getmedia/a8f486d5-842f-4ddb-9d0c-c36a83c6233b/2025-supra-sl-111114-image3.webp,New Supra SL450 2025 – Light Graphite / Black,4,false,exterior,
oib-111114,oib-111114-05,https://onlyinboards.com/getmedia/3963ebbf-2808-4947-8df8-3d9607ef6d8b/2025-supra-sl-111114-image4.webp,New Supra SL450 2025 – Light Graphite / Black,5,false,exterior,
oib-111114,oib-111114-06,https://onlyinboards.com/getmedia/5e46cd69-2d1d-45dc-a2f8-ae26108aff65/2025-supra-sl-111114-image5.webp,New Supra SL450 2025 – Light Graphite / Black,6,false,exterior,
oib-111114,oib-111114-07,https://onlyinboards.com/getmedia/0e2e5945-e7ca-4438-8a9a-a690e58c92c9/2025-supra-sl-111114-image6.webp,New Supra SL450 2025 – Light Graphite / Black,7,false,exterior,
oib-111114,oib-111114-08,https://onlyinboards.com/getmedia/f01c6bbe-7986-4e1f-8e34-785ee5b970e9/2025-supra-sl-111114-image7.webp,New Supra SL450 2025 – Light Graphite / Black,8,false,exterior,
oib-111114,oib-111114-09,https://onlyinboards.com/getmedia/fc3754e4-25e5-448b-8274-15ea118881af/2025-supra-sl-111114-image8.webp,New Supra SL450 2025 – Light Graphite / Black,9,false,exterior,
oib-111114,oib-111114-10,https://onlyinboards.com/getmedia/443d7d7f-ddba-4ba9-ad92-b136df54093d/2025-supra-sl-111114-image9.webp,New Supra SL450 2025 – Light Graphite / Black,10,false,exterior,
oib-112720,oib-112720-01,https://onlyinboards.com/getmedia/a6aeab47-6531-4cf0-8f45-c89f854bb6ed/2020-moomba-max-112720-image0.webp,2020 MOOMBA MAX,1,true,exterior,
oib-112720,oib-112720-02,https://onlyinboards.com/getmedia/0242258a-d047-489d-b50a-8cf055fe0aa0/2020-moomba-max-112720-image1.webp,2020 MOOMBA MAX,2,false,exterior,
oib-112720,oib-112720-03,https://onlyinboards.com/getmedia/ff113b48-a73a-4cf7-b14b-f3ec384d7eac/2020-moomba-max-112720-image2.webp,2020 MOOMBA MAX,3,false,exterior,
oib-112720,oib-112720-04,https://onlyinboards.com/getmedia/15414c29-84d9-4a32-921f-947ff3a09890/2020-moomba-max-112720-image3.webp,2020 MOOMBA MAX,4,false,exterior,
oib-112720,oib-112720-05,https://onlyinboards.com/getmedia/bb6a8fef-a576-4c97-a121-d50d90815e81/2020-moomba-max-112720-image4.webp,2020 MOOMBA MAX,5,false,exterior,
oib-112720,oib-112720-06,https://onlyinboards.com/getmedia/332b1930-a211-4784-b51b-caca3c1aaf7c/2020-moomba-max-112720-image5.webp,2020 MOOMBA MAX,6,false,exterior,
oib-112720,oib-112720-07,https://onlyinboards.com/getmedia/fddcbdef-2d1b-472b-81a1-343bf2420ad6/2020-moomba-max-112720-image6.webp,2020 MOOMBA MAX,7,false,exterior,
oib-112720,oib-112720-08,https://onlyinboards.com/getmedia/d1ce5546-e1ef-4afd-a520-8f47872ea173/2020-moomba-max-112720-image7.webp,2020 MOOMBA MAX,8,false,exterior,
oib-112720,oib-112720-09,https://onlyinboards.com/getmedia/4a5a22e0-58a2-4f75-a3ea-021949e52421/2020-moomba-max-112720-image8.webp,2020 MOOMBA MAX,9,false,exterior,
oib-112720,oib-112720-10,https://onlyinboards.com/getmedia/99cb42b3-6a31-431d-a242-f90c64e0ac11/2020-moomba-max-112720-image9.webp,2020 MOOMBA MAX,10,false,exterior,
oib-113806,oib-113806-01,https://onlyinboards.com/getmedia/5411237b-5fe2-4071-9ce0-ce78d0b2de21/2025-supra-sl-113806-image0.webp,2025 SUPRA SL 450,1,true,exterior,
oib-113806,oib-113806-02,https://onlyinboards.com/getmedia/858b6e93-c5f2-47a1-a3cb-8797e21fd0d7/2025-supra-sl-113806-image1.webp,2025 SUPRA SL 450,2,false,exterior,
oib-113806,oib-113806-03,https://onlyinboards.com/getmedia/4ababd9e-c74b-4c38-92f4-6ec98161dad7/2025-supra-sl-113806-image2.webp,2025 SUPRA SL 450,3,false,exterior,
oib-113806,oib-113806-04,https://onlyinboards.com/getmedia/95ade9a3-d736-45ff-8538-bb68bd916640/2025-supra-sl-113806-image3.webp,2025 SUPRA SL 450,4,false,exterior,
oib-113806,oib-113806-05,https://onlyinboards.com/getmedia/6314d167-4c89-45a8-a1f8-1f06ba6d5b87/2025-supra-sl-113806-image4.webp,2025 SUPRA SL 450,5,false,exterior,
oib-113806,oib-113806-06,https://onlyinboards.com/getmedia/e84e5aad-40e9-4f4d-8c36-c5b70c3fa440/2025-supra-sl-113806-image5.webp,2025 SUPRA SL 450,6,false,exterior,
oib-113806,oib-113806-07,https://onlyinboards.com/getmedia/69b8315e-71f9-45ce-90e4-8d53200f60df/2025-supra-sl-113806-image6.webp,2025 SUPRA SL 450,7,false,exterior,
oib-113806,oib-113806-08,https://onlyinboards.com/getmedia/e5d9e7d7-0507-4f9c-9f91-1175c43c3bf5/2025-supra-sl-113806-image7.webp,2025 SUPRA SL 450,8,false,exterior,
oib-113806,oib-113806-09,https://onlyinboards.com/getmedia/483ed0fe-4ae2-4ef8-88b2-b60a9708ab63/2025-supra-sl-113806-image8.webp,2025 SUPRA SL 450,9,false,exterior,
oib-113806,oib-113806-10,https://onlyinboards.com/getmedia/b3b27b44-4848-4319-a7d4-033bef0d47a9/2025-supra-sl-113806-image9.webp,2025 SUPRA SL 450,10,false,exterior,
oib-115962,oib-115962-01,https://onlyinboards.com/getmedia/5b76bbc8-4373-491d-9701-2ece718a1ef9/2025-moomba-tykon-115962-image0.webp,2025 MOOMBA TYKON,1,true,exterior,
oib-115962,oib-115962-02,https://onlyinboards.com/getmedia/3ad9e250-083c-409a-a0b5-0830bcbcdc92/2025-moomba-tykon-115962-image1.webp,2025 MOOMBA TYKON,2,false,exterior,
oib-115962,oib-115962-03,https://onlyinboards.com/getmedia/582c3b5c-9517-410f-beca-361f6be178f9/2025-moomba-tykon-115962-image2.webp,2025 MOOMBA TYKON,3,false,exterior,
oib-115962,oib-115962-04,https://onlyinboards.com/getmedia/cf1e0487-5ca9-411a-b885-c85580eee636/2025-moomba-tykon-115962-image3.webp,2025 MOOMBA TYKON,4,false,exterior,
oib-115962,oib-115962-05,https://onlyinboards.com/getmedia/91ac5edb-b669-4d06-9a72-a39d67b8dcbb/2025-moomba-tykon-115962-image4.webp,2025 MOOMBA TYKON,5,false,exterior,
oib-115962,oib-115962-06,https://onlyinboards.com/getmedia/8ee0bfa5-1a52-4511-84cd-f0a4e92229a5/2025-moomba-tykon-115962-image5.webp,2025 MOOMBA TYKON,6,false,exterior,
oib-115962,oib-115962-07,https://onlyinboards.com/getmedia/0b6e477d-7685-49fb-92aa-69fb31d7ff6b/2025-moomba-tykon-115962-image6.webp,2025 MOOMBA TYKON,7,false,exterior,
oib-115962,oib-115962-08,https://onlyinboards.com/getmedia/3cb635a4-9ee7-40dc-9266-1ef31d9de585/2025-moomba-tykon-115962-image7.webp,2025 MOOMBA TYKON,8,false,exterior,
oib-115962,oib-115962-09,https://onlyinboards.com/getmedia/5389e44e-db4d-4908-bccd-f250d51101a2/2025-moomba-tykon-115962-image8.webp,2025 MOOMBA TYKON,9,false,exterior,
oib-115962,oib-115962-10,https://onlyinboards.com/getmedia/ce2473a0-b46c-4ee2-aba0-843fa43d50b5/2025-moomba-tykon-115962-image9.webp,2025 MOOMBA TYKON,10,false,exterior,
oib-115963,oib-115963-01,https://onlyinboards.com/getmedia/e0e7099a-3127-4881-848e-68e9e1919397/2025-moomba-mojo-115963-image0.webp,2025 MOOMBA MOJO,1,true,exterior,
oib-115963,oib-115963-02,https://onlyinboards.com/getmedia/813000cc-4205-418e-8a5f-551941ec81ed/2025-moomba-mojo-115963-image1.webp,2025 MOOMBA MOJO,2,false,exterior,
oib-115963,oib-115963-03,https://onlyinboards.com/getmedia/1ba6633d-0e5e-4398-a9e3-7aa2b67722d5/2025-moomba-mojo-115963-image2.webp,2025 MOOMBA MOJO,3,false,exterior,
oib-115963,oib-115963-04,https://onlyinboards.com/getmedia/21a96745-d0aa-49d3-bbcd-ce8258ee9577/2025-moomba-mojo-115963-image3.webp,2025 MOOMBA MOJO,4,false,exterior,
oib-115963,oib-115963-05,https://onlyinboards.com/getmedia/b17f10aa-8650-4b73-9d84-637051289a0b/2025-moomba-mojo-115963-image4.webp,2025 MOOMBA MOJO,5,false,exterior,
oib-115963,oib-115963-06,https://onlyinboards.com/getmedia/12261bd8-95ac-4149-b4a0-4fb672ac8ea8/2025-moomba-mojo-115963-image5.webp,2025 MOOMBA MOJO,6,false,exterior,
oib-115963,oib-115963-07,https://onlyinboards.com/getmedia/ccc795ab-9759-4f0e-adcf-ff95a0c7f9f2/2025-moomba-mojo-115963-image6.webp,2025 MOOMBA MOJO,7,false,exterior,
oib-115963,oib-115963-08,https://onlyinboards.com/getmedia/c3e6f88f-cee9-4170-8e36-2999e3db9484/2025-moomba-mojo-115963-image7.webp,2025 MOOMBA MOJO,8,false,exterior,
oib-115963,oib-115963-09,https://onlyinboards.com/getmedia/c2416ebb-5187-4b68-b8a4-eff8f3003476/2025-moomba-mojo-115963-image8.webp,2025 MOOMBA MOJO,9,false,exterior,
oib-115963,oib-115963-10,https://onlyinboards.com/getmedia/648e31c4-7150-4068-89bb-8984e57c5955/2025-moomba-mojo-115963-image9.webp,2025 MOOMBA MOJO,10,false,exterior,
oib-115970,oib-115970-01,https://onlyinboards.com/getmedia/f20dc9e3-591e-4d2b-b2f4-41ee1be41841/2025-supra-sa-115970-image0.webp,2025 SUPRA SL 450,1,true,exterior,
oib-115970,oib-115970-02,https://onlyinboards.com/getmedia/e0013d93-998c-4280-994f-62f5f15cb189/2025-supra-sa-115970-image1.webp,2025 SUPRA SL 450,2,false,exterior,
oib-115970,oib-115970-03,https://onlyinboards.com/getmedia/48382509-2272-41af-812f-e8c2b8b740ab/2025-supra-sa-115970-image2.webp,2025 SUPRA SL 450,3,false,exterior,
oib-115970,oib-115970-04,https://onlyinboards.com/getmedia/6de21fb5-458c-44cb-bb84-565367e298eb/2025-supra-sa-115970-image3.webp,2025 SUPRA SL 450,4,false,exterior,
oib-115970,oib-115970-05,https://onlyinboards.com/getmedia/585e76de-435f-46aa-906c-4b63f5975582/2025-supra-sa-115970-image4.webp,2025 SUPRA SL 450,5,false,exterior,
oib-115970,oib-115970-06,https://onlyinboards.com/getmedia/ab8b95f6-e204-4c97-8201-a213c96c8db7/2025-supra-sa-115970-image5.webp,2025 SUPRA SL 450,6,false,exterior,
oib-115970,oib-115970-07,https://onlyinboards.com/getmedia/1dc1645e-a7ab-4ad7-a7e8-59d06dc8e7a7/2025-supra-sa-115970-image6.webp,2025 SUPRA SL 450,7,false,exterior,
oib-115970,oib-115970-08,https://onlyinboards.com/getmedia/81d1d2f7-99e4-4bd2-85d5-e472d414e641/2025-supra-sa-115970-image7.webp,2025 SUPRA SL 450,8,false,exterior,
oib-115970,oib-115970-09,https://onlyinboards.com/getmedia/dc738e69-72a3-4b8b-9121-8893363f4027/2025-supra-sa-115970-image8.webp,2025 SUPRA SL 450,9,false,exterior,
oib-115970,oib-115970-10,https://onlyinboards.com/getmedia/2e45becd-b003-43b9-bafe-6de6596931ff/2025-supra-sa-115970-image9.webp,2025 SUPRA SL 450,10,false,exterior,
oib-120247,oib-120247-01,https://onlyinboards.com/getmedia/90a5db63-6da1-46a5-bc81-9338aa9b3d9a/2020-moomba-mojo-120247-image0.webp,2020 MOOMBA MOJO WITH 85 HRS,1,true,exterior,
oib-120247,oib-120247-02,https://onlyinboards.com/getmedia/27c570d0-eaf3-4b01-853a-b8e6537d2fb4/2020-moomba-mojo-120247-image1.webp,2020 MOOMBA MOJO WITH 85 HRS,2,false,exterior,
oib-120247,oib-120247-03,https://onlyinboards.com/getmedia/fd5438da-e469-4b5b-96ce-f7cf7a68e7d9/2020-moomba-mojo-120247-image2.webp,2020 MOOMBA MOJO WITH 85 HRS,3,false,exterior,
oib-120247,oib-120247-04,https://onlyinboards.com/getmedia/789dd0a1-026b-4f94-be08-f1563311d8f5/2020-moomba-mojo-120247-image3.webp,2020 MOOMBA MOJO WITH 85 HRS,4,false,exterior,
oib-120247,oib-120247-05,https://onlyinboards.com/getmedia/27455583-33b5-4154-bb6a-1549d4efffbe/2020-moomba-mojo-120247-image4.webp,2020 MOOMBA MOJO WITH 85 HRS,5,false,exterior,
oib-120247,oib-120247-06,https://onlyinboards.com/getmedia/49f36293-9679-4f24-be5a-89868bbccb40/2020-moomba-mojo-120247-image5.webp,2020 MOOMBA MOJO WITH 85 HRS,6,false,exterior,
oib-120247,oib-120247-07,https://onlyinboards.com/getmedia/4232f78f-442a-4c2a-8f70-2d07b1cb2493/2020-moomba-mojo-120247-image6.webp,2020 MOOMBA MOJO WITH 85 HRS,7,false,exterior,
oib-120247,oib-120247-08,https://onlyinboards.com/getmedia/4da7e38f-9232-4ed9-9bee-f12a8646e8f5/2020-moomba-mojo-120247-image7.webp,2020 MOOMBA MOJO WITH 85 HRS,8,false,exterior,
oib-120247,oib-120247-09,https://onlyinboards.com/getmedia/d3f497ad-4a16-4724-903f-5f702bcb3df1/2020-moomba-mojo-120247-image8.webp,2020 MOOMBA MOJO WITH 85 HRS,9,false,exterior,
oib-120247,oib-120247-10,https://onlyinboards.com/getmedia/cdaf9edb-3922-404e-a2cf-9482a119953b/2020-moomba-mojo-120247-image9.webp,2020 MOOMBA MOJO WITH 85 HRS,10,false,exterior,
oib-121738,oib-121738-01,https://onlyinboards.com/getmedia/e59516a5-a22c-482c-844b-e0e8c8f9057a/2024-supra-se-121738-image0.webp,LIKE NEW 2024 SUPRA SE 550 LOADED,1,true,exterior,
oib-121738,oib-121738-02,https://onlyinboards.com/getmedia/c805c581-42ff-4d99-ba73-e949f718ea24/2024-supra-se-121738-image1.webp,LIKE NEW 2024 SUPRA SE 550 LOADED,2,false,exterior,
oib-121738,oib-121738-03,https://onlyinboards.com/getmedia/33169440-632c-4cfd-853e-c6d3019af286/2024-supra-se-121738-image2.webp,LIKE NEW 2024 SUPRA SE 550 LOADED,3,false,exterior,
oib-121738,oib-121738-04,https://onlyinboards.com/getmedia/a87b8cad-7144-49a2-9c4a-60ad739c1cbd/2024-supra-se-121738-image3.webp,LIKE NEW 2024 SUPRA SE 550 LOADED,4,false,exterior,
oib-121738,oib-121738-05,https://onlyinboards.com/getmedia/bf282f4b-a4c0-4164-b1a6-d95c65d4a2b7/2024-supra-se-121738-image4.webp,LIKE NEW 2024 SUPRA SE 550 LOADED,5,false,exterior,
oib-121738,oib-121738-06,https://onlyinboards.com/getmedia/9a0841d4-6790-4c7b-be29-e78b6c134e4e/2024-supra-se-121738-image5.webp,LIKE NEW 2024 SUPRA SE 550 LOADED,6,false,exterior,
oib-121738,oib-121738-07,https://onlyinboards.com/getmedia/31b60021-34d7-4362-9635-805ca3891f86/2024-supra-se-121738-image6.webp,LIKE NEW 2024 SUPRA SE 550 LOADED,7,false,exterior,
oib-121738,oib-121738-08,https://onlyinboards.com/getmedia/eaed32bf-130f-4e8c-9656-62eb81198d5d/2024-supra-se-121738-image7.webp,LIKE NEW 2024 SUPRA SE 550 LOADED,8,false,exterior,
oib-121738,oib-121738-09,https://onlyinboards.com/getmedia/f0fb5479-bbdc-463f-b57c-82469757432c/2024-supra-se-121738-image8.webp,LIKE NEW 2024 SUPRA SE 550 LOADED,9,false,exterior,
oib-121738,oib-121738-10,https://onlyinboards.com/getmedia/a4c08190-ef93-41c4-a84b-db396324094e/2024-supra-se-121738-image9.webp,LIKE NEW 2024 SUPRA SE 550 LOADED,10,false,exterior,
oib-122115,oib-122115-01,https://onlyinboards.com/getmedia/0fbc8bc0-0ab7-49b9-b17d-71501bb67e2c/2020-moomba-mojo-122115-image0.webp,2020 MOOMBA MOJO WITH 315 HRS,1,true,exterior,
oib-122115,oib-122115-02,https://onlyinboards.com/getmedia/1ecd0628-b968-4e26-8a0d-acdd3707ca56/2020-moomba-mojo-122115-image1.webp,2020 MOOMBA MOJO WITH 315 HRS,2,false,exterior,
oib-122115,oib-122115-03,https://onlyinboards.com/getmedia/73a0b580-1794-45e7-9b58-82adfd45e8a1/2020-moomba-mojo-122115-image2.webp,2020 MOOMBA MOJO WITH 315 HRS,3,false,exterior,
oib-122115,oib-122115-04,https://onlyinboards.com/getmedia/f4049026-0ada-42b4-95c3-5fc715d08837/2020-moomba-mojo-122115-image3.webp,2020 MOOMBA MOJO WITH 315 HRS,4,false,exterior,
oib-122115,oib-122115-05,https://onlyinboards.com/getmedia/f6a57f52-7ac4-4c86-93ae-16171f997ae4/2020-moomba-mojo-122115-image4.webp,2020 MOOMBA MOJO WITH 315 HRS,5,false,exterior,
oib-122115,oib-122115-06,https://onlyinboards.com/getmedia/0f1ece37-b2d2-4cc8-863a-0cb246a249fa/2020-moomba-mojo-122115-image5.webp,2020 MOOMBA MOJO WITH 315 HRS,6,false,exterior,
oib-122115,oib-122115-07,https://onlyinboards.com/getmedia/4bc73330-5188-43eb-8607-370a21d8a823/2020-moomba-mojo-122115-image6.webp,2020 MOOMBA MOJO WITH 315 HRS,7,false,exterior,
oib-122115,oib-122115-08,https://onlyinboards.com/getmedia/7e7485f4-a210-41f9-9300-a7e0b59a9f2b/2020-moomba-mojo-122115-image7.webp,2020 MOOMBA MOJO WITH 315 HRS,8,false,exterior,
oib-122115,oib-122115-09,https://onlyinboards.com/getmedia/80bcfb66-de77-4091-80d2-a3148ceb6641/2020-moomba-mojo-122115-image8.webp,2020 MOOMBA MOJO WITH 315 HRS,9,false,exterior,
oib-122115,oib-122115-10,https://onlyinboards.com/getmedia/b85b8358-d982-48de-8b1c-4d82eba11d90/2020-moomba-mojo-122115-image9.webp,2020 MOOMBA MOJO WITH 315 HRS,10,false,exterior,
oib-126792,oib-126792-01,https://onlyinboards.com/getmedia/634bcfde-4537-4bda-8bc2-5f1d9f9b41f8/2017-supra-sa-126792-image0.webp,2017 SUPRA SA 400,1,true,exterior,
oib-126792,oib-126792-02,https://onlyinboards.com/getmedia/64540a18-5cde-4317-bc2f-2cd866af2fd1/2017-supra-sa-126792-image1.webp,2017 SUPRA SA 400,2,false,exterior,
oib-126792,oib-126792-03,https://onlyinboards.com/getmedia/b1f4ec43-11c5-42b5-8488-e3cf70642f12/2017-supra-sa-126792-image2.webp,2017 SUPRA SA 400,3,false,exterior,
oib-126792,oib-126792-04,https://onlyinboards.com/getmedia/61c06823-ce9d-492d-b9e4-19abc274ff0b/2017-supra-sa-126792-image3.webp,2017 SUPRA SA 400,4,false,exterior,
oib-126792,oib-126792-05,https://onlyinboards.com/getmedia/e366c93a-82af-4a35-b531-5eae656a389e/2017-supra-sa-126792-image4.webp,2017 SUPRA SA 400,5,false,exterior,
oib-126792,oib-126792-06,https://onlyinboards.com/getmedia/2dff2c50-0a6e-46ea-8c45-912bed5e4fd5/2017-supra-sa-126792-image5.webp,2017 SUPRA SA 400,6,false,exterior,
oib-126792,oib-126792-07,https://onlyinboards.com/getmedia/6eeee419-3d4b-4eef-8e70-baee92eba949/2017-supra-sa-126792-image6.webp,2017 SUPRA SA 400,7,false,exterior,
oib-126792,oib-126792-08,https://onlyinboards.com/getmedia/94d9284b-1549-4eb5-8baa-ce945413b5ac/2017-supra-sa-126792-image7.webp,2017 SUPRA SA 400,8,false,exterior,
oib-126792,oib-126792-09,https://onlyinboards.com/getmedia/68130d9b-8cf6-4fd8-b081-5b0a260bb882/2017-supra-sa-126792-image8.webp,2017 SUPRA SA 400,9,false,exterior,
oib-126792,oib-126792-10,https://onlyinboards.com/getmedia/173acbc8-77b7-43e1-8be8-8cae7ddfd6af/2017-supra-sa-126792-image9.webp,2017 SUPRA SA 400,10,false,exterior,
oib-126925,oib-126925-01,https://onlyinboards.com/getmedia/48fc784a-dedc-425e-a3d3-3c728ee222e5/2022-moomba-mojo-126925-image0.webp,2022 MOOMBA MOJO,1,true,exterior,
oib-126925,oib-126925-02,https://onlyinboards.com/getmedia/d1e7a47e-8580-4f5b-b498-7f65d038f165/2022-moomba-mojo-126925-image1.webp,2022 MOOMBA MOJO,2,false,exterior,
oib-126925,oib-126925-03,https://onlyinboards.com/getmedia/916259f8-4df8-4169-9b3e-1717fca5244a/2022-moomba-mojo-126925-image2.webp,2022 MOOMBA MOJO,3,false,exterior,
oib-126925,oib-126925-04,https://onlyinboards.com/getmedia/0edb9c35-5ce5-4041-9879-8667c0265a4f/2022-moomba-mojo-126925-image3.webp,2022 MOOMBA MOJO,4,false,exterior,
oib-126925,oib-126925-05,https://onlyinboards.com/getmedia/99736a64-96bf-4872-b403-902cc437f036/2022-moomba-mojo-126925-image4.webp,2022 MOOMBA MOJO,5,false,exterior,
oib-126925,oib-126925-06,https://onlyinboards.com/getmedia/689d2380-69d8-411a-977e-4547a0d47f2c/2022-moomba-mojo-126925-image5.webp,2022 MOOMBA MOJO,6,false,exterior,
oib-126925,oib-126925-07,https://onlyinboards.com/getmedia/fe1c76d9-f00e-4566-9c19-4d42b3f26cff/2022-moomba-mojo-126925-image6.webp,2022 MOOMBA MOJO,7,false,exterior,
oib-126925,oib-126925-08,https://onlyinboards.com/getmedia/e31c9bd4-e9d4-4d6e-90ab-ee5ff17b3b7f/2022-moomba-mojo-126925-image7.webp,2022 MOOMBA MOJO,8,false,exterior,
oib-126925,oib-126925-09,https://onlyinboards.com/getmedia/a8c93756-9514-4b81-9349-608fd417431d/2022-moomba-mojo-126925-image8.webp,2022 MOOMBA MOJO,9,false,exterior,
oib-126925,oib-126925-10,https://onlyinboards.com/getmedia/ab87f831-11d8-45e8-80a4-22babda30e14/2022-moomba-mojo-126925-image9.webp,2022 MOOMBA MOJO,10,false,exterior,
oib-127756,oib-127756-01,https://onlyinboards.com/getmedia/42d8f7e4-6ac0-414f-9044-28dc4ca7e9e1/2022-malibu-m220-127756-image0.webp,2022 MALIBU M220,1,true,exterior,
oib-127756,oib-127756-02,https://onlyinboards.com/getmedia/69fdee79-6b1a-4f72-b50a-d9d07db1990e/2022-malibu-m220-127756-image1.webp,2022 MALIBU M220,2,false,exterior,
oib-127756,oib-127756-03,https://onlyinboards.com/getmedia/93e594dc-0d37-4911-a836-952c0f00f728/2022-malibu-m220-127756-image2.webp,2022 MALIBU M220,3,false,exterior,
oib-127756,oib-127756-04,https://onlyinboards.com/getmedia/30144e13-a3bc-4f24-bb8c-f59e6298ea01/2022-malibu-m220-127756-image3.webp,2022 MALIBU M220,4,false,exterior,
oib-127756,oib-127756-05,https://onlyinboards.com/getmedia/d13587c8-5733-428f-b7b0-93e7c0655f92/2022-malibu-m220-127756-image4.webp,2022 MALIBU M220,5,false,exterior,
oib-127756,oib-127756-06,https://onlyinboards.com/getmedia/91f7b72f-0004-4942-83b7-db977473177e/2022-malibu-m220-127756-image5.webp,2022 MALIBU M220,6,false,exterior,
oib-127756,oib-127756-07,https://onlyinboards.com/getmedia/76c8e828-1b2c-40a5-9062-1b91399a2d30/2022-malibu-m220-127756-image6.webp,2022 MALIBU M220,7,false,exterior,
oib-127756,oib-127756-08,https://onlyinboards.com/getmedia/10057287-b4de-4f1e-8872-bdfb13a9e5fd/2022-malibu-m220-127756-image7.webp,2022 MALIBU M220,8,false,exterior,
oib-127756,oib-127756-09,https://onlyinboards.com/getmedia/302dbd88-5d94-42ff-835a-e7be29adf364/2022-malibu-m220-127756-image8.webp,2022 MALIBU M220,9,false,exterior,
oib-127756,oib-127756-10,https://onlyinboards.com/getmedia/6d4b4f21-8bc7-41ed-8a3c-525eaacbbba2/2022-malibu-m220-127756-image9.webp,2022 MALIBU M220,10,false,exterior,
oib-128141,oib-128141-01,https://onlyinboards.com/getmedia/26d3fff6-1b45-4b65-8098-33539940ebc3/2007-malibu-vride-128141-image0.webp,2007 MALIBU V RIDE,1,true,exterior,
oib-128141,oib-128141-02,https://onlyinboards.com/getmedia/79e659e8-e09f-4178-904e-f3913fe954b2/2007-malibu-vride-128141-image1.webp,2007 MALIBU V RIDE,2,false,exterior,
oib-128141,oib-128141-03,https://onlyinboards.com/getmedia/bfe7da24-4c81-445a-86ea-e682833792b9/2007-malibu-vride-128141-image2.webp,2007 MALIBU V RIDE,3,false,exterior,
oib-128141,oib-128141-04,https://onlyinboards.com/getmedia/244662e9-84c7-4029-9aaf-0e631dd20eca/2007-malibu-vride-128141-image3.webp,2007 MALIBU V RIDE,4,false,exterior,
oib-128141,oib-128141-05,https://onlyinboards.com/getmedia/2ae11de7-d317-44e6-a688-0935c16b41db/2007-malibu-vride-128141-image4.webp,2007 MALIBU V RIDE,5,false,exterior,
oib-128141,oib-128141-06,https://onlyinboards.com/getmedia/a6ea7655-d78d-460c-82e6-daf9609b5d7c/2007-malibu-vride-128141-image5.webp,2007 MALIBU V RIDE,6,false,exterior,
oib-128141,oib-128141-07,https://onlyinboards.com/getmedia/633129ba-445d-4ba6-b096-bf5ce548a93a/2007-malibu-vride-128141-image6.webp,2007 MALIBU V RIDE,7,false,exterior,
oib-128141,oib-128141-08,https://onlyinboards.com/getmedia/7cf167a6-8f6f-4245-ad68-f3875004af9f/2007-malibu-vride-128141-image7.webp,2007 MALIBU V RIDE,8,false,exterior,
oib-128141,oib-128141-09,https://onlyinboards.com/getmedia/030d35d8-f91e-46b8-83d2-88d6f2bc3afb/2007-malibu-vride-128141-image8.webp,2007 MALIBU V RIDE,9,false,exterior,
oib-128141,oib-128141-10,https://onlyinboards.com/getmedia/94660bb0-38c7-47fd-83cc-c0de8548c1cb/2007-malibu-vride-128141-image9.webp,2007 MALIBU V RIDE,10,false,exterior,
po-25516,po-25516-01,https://www.pontoonsonly.com/App_Themes/PontoonsOnly/Photo/20981595.jpeg,New Premier 230 Intrique RF 2024 – Black / Graphite,1,true,exterior,
po-25516,po-25516-02,https://www.pontoonsonly.com/App_Themes/PontoonsOnly/Photo/20981596.jpeg,New Premier 230 Intrique RF 2024 – Black / Graphite,2,false,exterior,
po-25516,po-25516-03,https://www.pontoonsonly.com/App_Themes/PontoonsOnly/Photo/20981597.jpeg,New Premier 230 Intrique RF 2024 – Black / Graphite,3,false,exterior,
po-25516,po-25516-04,https://www.pontoonsonly.com/App_Themes/PontoonsOnly/Photo/20981598.jpeg,New Premier 230 Intrique RF 2024 – Black / Graphite,4,false,exterior,
po-25516,po-25516-05,https://www.pontoonsonly.com/App_Themes/PontoonsOnly/Photo/20981599.jpeg,New Premier 230 Intrique RF 2024 – Black / Graphite,5,false,exterior,
po-25516,po-25516-06,https://www.pontoonsonly.com/App_Themes/PontoonsOnly/Photo/20981600.jpeg,New Premier 230 Intrique RF 2024 – Black / Graphite,6,false,exterior,
po-25516,po-25516-07,https://www.pontoonsonly.com/App_Themes/PontoonsOnly/Photo/20981601.jpeg,New Premier 230 Intrique RF 2024 – Black / Graphite,7,false,exterior,
po-25516,po-25516-08,https://www.pontoonsonly.com/App_Themes/PontoonsOnly/Photo/20981602.jpeg,New Premier 230 Intrique RF 2024 – Black / Graphite,8,false,exterior,
po-25516,po-25516-09,https://www.pontoonsonly.com/App_Themes/PontoonsOnly/Photo/20981603.jpeg,New Premier 230 Intrique RF 2024 – Black / Graphite,9,false,exterior,
po-25517,po-25517-01,https://www.pontoonsonly.com/App_Themes/PontoonsOnly/Photo/20981604.jpeg,New Premier Sunsation 230 RL 2024 – Pearl White,1,true,exterior,
po-25517,po-25517-02,https://www.pontoonsonly.com/App_Themes/PontoonsOnly/Photo/20981605.jpeg,New Premier Sunsation 230 RL 2024 – Pearl White,2,false,exterior,
po-25517,po-25517-03,https://www.pontoonsonly.com/App_Themes/PontoonsOnly/Photo/20981606.jpeg,New Premier Sunsation 230 RL 2024 – Pearl White,3,false,exterior,
po-25517,po-25517-04,https://www.pontoonsonly.com/App_Themes/PontoonsOnly/Photo/20981607.jpeg,New Premier Sunsation 230 RL 2024 – Pearl White,4,false,exterior,
po-25517,po-25517-05,https://www.pontoonsonly.com/App_Themes/PontoonsOnly/Photo/20981608.jpeg,New Premier Sunsation 230 RL 2024 – Pearl White,5,false,exterior,
po-25517,po-25517-06,https://www.pontoonsonly.com/App_Themes/PontoonsOnly/Photo/20981609.jpeg,New Premier Sunsation 230 RL 2024 – Pearl White,6,false,exterior,
po-25517,po-25517-07,https://www.pontoonsonly.com/App_Themes/PontoonsOnly/Photo/20981610.jpeg,New Premier Sunsation 230 RL 2024 – Pearl White,7,false,exterior,
po-25517,po-25517-08,https://www.pontoonsonly.com/App_Themes/PontoonsOnly/Photo/20981611.jpeg,New Premier Sunsation 230 RL 2024 – Pearl White,8,false,exterior,
po-25517,po-25517-09,https://www.pontoonsonly.com/App_Themes/PontoonsOnly/Photo/20981612.jpeg,New Premier Sunsation 230 RL 2024 – Pearl White,9,false,exterior,
po-25518,po-25518-01,https://www.pontoonsonly.com/App_Themes/PontoonsOnly/Photo/20981613.jpeg,New Premier Sunsation 230 RF 2024 – Graphite / Black,1,true,exterior,
po-25518,po-25518-02,https://www.pontoonsonly.com/App_Themes/PontoonsOnly/Photo/20981614.jpeg,New Premier Sunsation 230 RF 2024 – Graphite / Black,2,false,exterior,
po-25518,po-25518-03,https://www.pontoonsonly.com/App_Themes/PontoonsOnly/Photo/20981615.jpeg,New Premier Sunsation 230 RF 2024 – Graphite / Black,3,false,exterior,
po-25518,po-25518-04,https://www.pontoonsonly.com/App_Themes/PontoonsOnly/Photo/20981616.jpeg,New Premier Sunsation 230 RF 2024 – Graphite / Black,4,false,exterior,
po-25518,po-25518-05,https://www.pontoonsonly.com/App_Themes/PontoonsOnly/Photo/20981617.jpeg,New Premier Sunsation 230 RF 2024 – Graphite / Black,5,false,exterior,
po-25518,po-25518-06,https://www.pontoonsonly.com/App_Themes/PontoonsOnly/Photo/20981618.jpeg,New Premier Sunsation 230 RF 2024 – Graphite / Black,6,false,exterior,
po-25518,po-25518-07,https://www.pontoonsonly.com/App_Themes/PontoonsOnly/Photo/20981619.jpeg,New Premier Sunsation 230 RF 2024 – Graphite / Black,7,false,exterior,
po-25518,po-25518-08,https://www.pontoonsonly.com/App_Themes/PontoonsOnly/Photo/20981620.jpeg,New Premier Sunsation 230 RF 2024 – Graphite / Black,8,false,exterior,
po-25518,po-25518-09,https://www.pontoonsonly.com/App_Themes/PontoonsOnly/Photo/20981621.jpeg,New Premier Sunsation 230 RF 2024 – Graphite / Black,9,false,exterior,
po-25519,po-25519-01,https://www.pontoonsonly.com/App_Themes/PontoonsOnly/Photo/20981622.jpeg,New Premier 230 Sunsation RL 2024 – Crimson Red / Black,1,true,exterior,
po-25519,po-25519-02,https://www.pontoonsonly.com/App_Themes/PontoonsOnly/Photo/20981623.jpeg,New Premier 230 Sunsation RL 2024 – Crimson Red / Black,2,false,exterior,
po-25520,po-25520-01,https://www.pontoonsonly.com/App_Themes/PontoonsOnly/Photo/20981624.jpeg,New Xcursion RFX 243 2023 – Graphite Metallic / Frost White,1,true,exterior,
po-25520,po-25520-02,https://www.pontoonsonly.com/App_Themes/PontoonsOnly/Photo/20981625.jpeg,New Xcursion RFX 243 2023 – Graphite Metallic / Frost White,2,false,exterior,
po-25520,po-25520-03,https://www.pontoonsonly.com/App_Themes/PontoonsOnly/Photo/20981626.jpeg,New Xcursion RFX 243 2023 – Graphite Metallic / Frost White,3,false,exterior,
po-25520,po-25520-04,https://www.pontoonsonly.com/App_Themes/PontoonsOnly/Photo/20981627.jpeg,New Xcursion RFX 243 2023 – Graphite Metallic / Frost White,4,false,exterior,
po-25520,po-25520-05,https://www.pontoonsonly.com/App_Themes/PontoonsOnly/Photo/20981628.jpeg,New Xcursion RFX 243 2023 – Graphite Metallic / Frost White,5,false,exterior,
po-25520,po-25520-06,https://www.pontoonsonly.com/App_Themes/PontoonsOnly/Photo/20981629.jpeg,New Xcursion RFX 243 2023 – Graphite Metallic / Frost White,6,false,exterior,
po-25520,po-25520-07,https://www.pontoonsonly.com/App_Themes/PontoonsOnly/Photo/20981630.jpeg,New Xcursion RFX 243 2023 – Graphite Metallic / Frost White,7,false,exterior,
po-25520,po-25520-08,https://www.pontoonsonly.com/App_Themes/PontoonsOnly/Photo/20981631.jpeg,New Xcursion RFX 243 2023 – Graphite Metallic / Frost White,8,false,exterior,
po-25520,po-25520-09,https://www.pontoonsonly.com/App_Themes/PontoonsOnly/Photo/20981632.jpeg,New Xcursion RFX 243 2023 – Graphite Metallic / Frost White,9,false,exterior,
po-25521,po-25521-01,https://www.pontoonsonly.com/App_Themes/PontoonsOnly/Photo/20981633.jpeg,New Xcursion FLX 243 2023 – Navy Metallic / Diamond Ice Metallic,1,true,exterior,
po-25521,po-25521-02,https://www.pontoonsonly.com/App_Themes/PontoonsOnly/Photo/20981634.jpeg,New Xcursion FLX 243 2023 – Navy Metallic / Diamond Ice Metallic,2,false,exterior,
po-25521,po-25521-03,https://www.pontoonsonly.com/App_Themes/PontoonsOnly/Photo/20981635.jpeg,New Xcursion FLX 243 2023 – Navy Metallic / Diamond Ice Metallic,3,false,exterior,
po-25521,po-25521-04,https://www.pontoonsonly.com/App_Themes/PontoonsOnly/Photo/20981636.jpeg,New Xcursion FLX 243 2023 – Navy Metallic / Diamond Ice Metallic,4,false,exterior,
po-25521,po-25521-05,https://www.pontoonsonly.com/App_Themes/PontoonsOnly/Photo/20981637.jpeg,New Xcursion FLX 243 2023 – Navy Metallic / Diamond Ice Metallic,5,false,exterior,
po-25521,po-25521-06,https://www.pontoonsonly.com/App_Themes/PontoonsOnly/Photo/20981638.jpeg,New Xcursion FLX 243 2023 – Navy Metallic / Diamond Ice Metallic,6,false,exterior,
po-25521,po-25521-07,https://www.pontoonsonly.com/App_Themes/PontoonsOnly/Photo/20981639.jpeg,New Xcursion FLX 243 2023 – Navy Metallic / Diamond Ice Metallic,7,false,exterior,
po-25521,po-25521-08,https://www.pontoonsonly.com/App_Themes/PontoonsOnly/Photo/20981640.jpeg,New Xcursion FLX 243 2023 – Navy Metallic / Diamond Ice Metallic,8,false,exterior,
po-25522,po-25522-01,https://www.pontoonsonly.com/App_Themes/PontoonsOnly/Photo/20981642.jpeg,New Xcursion PFX 243 2023 – Navy Metallic / White Frost Metallic,1,true,exterior,
po-25522,po-25522-02,https://www.pontoonsonly.com/App_Themes/PontoonsOnly/Photo/20981643.jpeg,New Xcursion PFX 243 2023 – Navy Metallic / White Frost Metallic,2,false,exterior,
po-25522,po-25522-03,https://www.pontoonsonly.com/App_Themes/PontoonsOnly/Photo/20981644.jpeg,New Xcursion PFX 243 2023 – Navy Metallic / White Frost Metallic,3,false,exterior,
po-25522,po-25522-04,https://www.pontoonsonly.com/App_Themes/PontoonsOnly/Photo/20981645.jpeg,New Xcursion PFX 243 2023 – Navy Metallic / White Frost Metallic,4,false,exterior,
po-25522,po-25522-05,https://www.pontoonsonly.com/App_Themes/PontoonsOnly/Photo/20981646.jpeg,New Xcursion PFX 243 2023 – Navy Metallic / White Frost Metallic,5,false,exterior,
po-25522,po-25522-06,https://www.pontoonsonly.com/App_Themes/PontoonsOnly/Photo/20981649.jpeg,New Xcursion PFX 243 2023 – Navy Metallic / White Frost Metallic,6,false,exterior,
po-25522,po-25522-07,https://www.pontoonsonly.com/App_Themes/PontoonsOnly/Photo/20981651.jpeg,New Xcursion PFX 243 2023 – Navy Metallic / White Frost Metallic,7,false,exterior,
po-25522,po-25522-08,https://www.pontoonsonly.com/App_Themes/PontoonsOnly/Photo/20981652.jpeg,New Xcursion PFX 243 2023 – Navy Metallic / White Frost Metallic,8,false,exterior,
po-25522,po-25522-09,https://www.pontoonsonly.com/App_Themes/PontoonsOnly/Photo/20981654.jpeg,New Xcursion PFX 243 2023 – Navy Metallic / White Frost Metallic,9,false,exterior,
po-25523,po-25523-01,https://www.pontoonsonly.com/App_Themes/PontoonsOnly/Photo/20981655.jpeg,New Coach RFC 263 2023 – Black Metallic,1,true,exterior,
po-25523,po-25523-02,https://www.pontoonsonly.com/App_Themes/PontoonsOnly/Photo/20981656.jpeg,New Coach RFC 263 2023 – Black Metallic,2,false,exterior,
po-25523,po-25523-03,https://www.pontoonsonly.com/App_Themes/PontoonsOnly/Photo/20981657.jpeg,New Coach RFC 263 2023 – Black Metallic,3,false,exterior,
po-25523,po-25523-04,https://www.pontoonsonly.com/App_Themes/PontoonsOnly/Photo/20981658.jpeg,New Coach RFC 263 2023 – Black Metallic,4,false,exterior,
po-25523,po-25523-05,https://www.pontoonsonly.com/App_Themes/PontoonsOnly/Photo/20981659.jpeg,New Coach RFC 263 2023 – Black Metallic,5,false,exterior,
po-25523,po-25523-06,https://www.pontoonsonly.com/App_Themes/PontoonsOnly/Photo/20981660.jpeg,New Coach RFC 263 2023 – Black Metallic,6,false,exterior,
po-25524,po-25524-01,https://www.pontoonsonly.com/App_Themes/PontoonsOnly/Photo/20981661.jpeg,New Coach FLC 243 2023 – Graphite Metallic,1,true,exterior,
po-25524,po-25524-02,https://www.pontoonsonly.com/App_Themes/PontoonsOnly/Photo/20981662.jpeg,New Coach FLC 243 2023 – Graphite Metallic,2,false,exterior,
po-25524,po-25524-03,https://www.pontoonsonly.com/App_Themes/PontoonsOnly/Photo/20981663.jpeg,New Coach FLC 243 2023 – Graphite Metallic,3,false,exterior,
po-25524,po-25524-04,https://www.pontoonsonly.com/App_Themes/PontoonsOnly/Photo/20981664.jpeg,New Coach FLC 243 2023 – Graphite Metallic,4,false,exterior,
po-25524,po-25524-05,https://www.pontoonsonly.com/App_Themes/PontoonsOnly/Photo/20981665.jpeg,New Coach FLC 243 2023 – Graphite Metallic,5,false,exterior,
po-25524,po-25524-06,https://www.pontoonsonly.com/App_Themes/PontoonsOnly/Photo/20981666.jpeg,New Coach FLC 243 2023 – Graphite Metallic,6,false,exterior,
po-25524,po-25524-07,https://www.pontoonsonly.com/App_Themes/PontoonsOnly/Photo/20981667.jpeg,New Coach FLC 243 2023 – Graphite Metallic,7,false,exterior,
po-25524,po-25524-08,https://www.pontoonsonly.com/App_Themes/PontoonsOnly/Photo/20981668.jpeg,New Coach FLC 243 2023 – Graphite Metallic,8,false,exterior,
po-25524,po-25524-09,https://www.pontoonsonly.com/App_Themes/PontoonsOnly/Photo/20981669.jpeg,New Coach FLC 243 2023 – Graphite Metallic,9,false,exterior,
po-25525,po-25525-01,https://www.pontoonsonly.com/App_Themes/PontoonsOnly/Photo/20981670.jpeg,New Coach FLC 243 2023 – Black Metallic / Bronze Metallic,1,true,exterior,
po-25525,po-25525-02,https://www.pontoonsonly.com/App_Themes/PontoonsOnly/Photo/21420628.jpeg,New Coach FLC 243 2023 – Black Metallic / Bronze Metallic,2,false,exterior,
po-25525,po-25525-03,https://www.pontoonsonly.com/App_Themes/PontoonsOnly/Photo/21420630.jpeg,New Coach FLC 243 2023 – Black Metallic / Bronze Metallic,3,false,exterior,
po-25525,po-25525-04,https://www.pontoonsonly.com/App_Themes/PontoonsOnly/Photo/21420632.jpeg,New Coach FLC 243 2023 – Black Metallic / Bronze Metallic,4,false,exterior,
po-25525,po-25525-05,https://www.pontoonsonly.com/App_Themes/PontoonsOnly/Photo/21420633.jpeg,New Coach FLC 243 2023 – Black Metallic / Bronze Metallic,5,false,exterior,
po-25525,po-25525-06,https://www.pontoonsonly.com/App_Themes/PontoonsOnly/Photo/21420634.jpeg,New Coach FLC 243 2023 – Black Metallic / Bronze Metallic,6,false,exterior,
po-25525,po-25525-07,https://www.pontoonsonly.com/App_Themes/PontoonsOnly/Photo/21420635.jpeg,New Coach FLC 243 2023 – Black Metallic / Bronze Metallic,7,false,exterior,
po-25526,po-25526-01,https://www.pontoonsonly.com/App_Themes/PontoonsOnly/Photo/20981671.jpeg,New Coach RFC 243 2023 – Black / Graphite Metallic,1,true,exterior,
po-25526,po-25526-02,https://www.pontoonsonly.com/App_Themes/PontoonsOnly/Photo/20981672.jpeg,New Coach RFC 243 2023 – Black / Graphite Metallic,2,false,exterior,
po-25526,po-25526-03,https://www.pontoonsonly.com/App_Themes/PontoonsOnly/Photo/20981673.jpeg,New Coach RFC 243 2023 – Black / Graphite Metallic,3,false,exterior,
po-25526,po-25526-04,https://www.pontoonsonly.com/App_Themes/PontoonsOnly/Photo/20981674.jpeg,New Coach RFC 243 2023 – Black / Graphite Metallic,4,false,exterior,
po-25526,po-25526-05,https://www.pontoonsonly.com/App_Themes/PontoonsOnly/Photo/20981675.jpeg,New Coach RFC 243 2023 – Black / Graphite Metallic,5,false,exterior,
po-25526,po-25526-06,https://www.pontoonsonly.com/App_Themes/PontoonsOnly/Photo/20981676.jpeg,New Coach RFC 243 2023 – Black / Graphite Metallic,6,false,exterior,
po-25526,po-25526-07,https://www.pontoonsonly.com/App_Themes/PontoonsOnly/Photo/20981677.jpeg,New Coach RFC 243 2023 – Black / Graphite Metallic,7,false,exterior,
po-25526,po-25526-08,https://www.pontoonsonly.com/App_Themes/PontoonsOnly/Photo/20981678.jpeg,New Coach RFC 243 2023 – Black / Graphite Metallic,8,false,exterior,
po-25527,po-25527-01,https://www.pontoonsonly.com/App_Themes/PontoonsOnly/Photo/20981679.jpeg,New Coach FLC 243 2023 – Nautical Blue / White,1,true,exterior,
